median,lci,uci,efficiency,failure_to_report,insurance_loss
8453.840176951315,1730.7390856904387,17420.67503411804,0.0,0.5,5756573.365
8622.916980490321,1765.3538674040874,17769.08853480029,0.0,0.51,5871704.8323
8791.993784029328,1799.968649117963,18117.50203548276,0.0,0.52,5986836.2996000005
8961.070587568393,1834.5834308317253,18465.915536165114,0.0,0.53,6101967.7669
9130.147391107457,1869.1982125456068,18814.32903684736,0.0,0.54,6217099.234200001
9299.224194646464,1903.8129942594826,19162.74253752983,0.0,0.55,6332230.7015
9468.300998185528,1938.4277759731312,19511.15603821219,0.0,0.56,6447362.168800001
9637.377801724419,1973.042557687007,19859.569538894666,0.0,0.5700000000000001,6562493.636100001
9806.454605263541,2007.6573394007721,20207.983039576913,0.0,0.58,6677625.103399999
9975.53140880249,2042.2721211146477,20556.39654025927,0.0,0.59,6792756.5707
10144.608212341554,2076.886902828526,20904.810040941742,0.0,0.6,6907888.038
10313.685015880503,2111.5016845420614,21253.223541623986,0.0,0.61,7023019.5053
10482.761819419626,2146.1164662559404,21601.63704230634,0.0,0.62,7138150.9726
10651.83862295869,2180.731247969592,21950.0505429887,0.0,0.63,7253282.439900001
10820.915426497697,2215.3460296834673,22298.464043671178,0.0,0.64,7368413.9072
10989.992230036703,2249.960811397343,22646.877544353418,0.0,0.65,7483545.374500001
11159.069033575826,2284.5755931111084,22995.29104503578,0.0,0.66,7598676.8418000005
11328.145837114716,2319.1903748249842,23343.70454571825,0.0,0.67,7713808.309100001
11497.222640653723,2353.8051565387464,23692.118046400497,0.0,0.6799999999999999,7828939.7764
11666.299444192671,2388.419938252622,24040.531547082854,0.0,0.69,7944071.2436999995
11835.376247731794,2423.0347199664975,24388.945047765326,0.0,0.7,8059202.711
12004.4530512708,2457.6495016801523,24737.35854844757,0.0,0.71,8174334.1783
12173.529854809924,2492.264283394028,25085.77204912993,0.0,0.72,8289465.6456
12342.606658348872,2526.8790651079034,25434.1855498124,0.0,0.73,8404597.1129
12511.683461887937,2561.493846821666,25782.599050494646,0.0,0.74,8519728.5802
12680.760265427001,2596.1086285355414,26131.01255117701,0.0,0.75,8634860.0475
12849.837068966008,2630.7234102491902,26479.42605185925,0.0,0.76,8749991.514800001
13018.913872504956,2665.338191963072,26827.839552541725,0.0,0.77,8865122.9821
13187.990676043904,2699.9529736769477,27176.253053224194,0.0,0.78,8980254.4494
13357.06747958297,2734.567755390716,27524.66655390655,0.0,0.79,9095385.9167
13526.144283122092,2769.182537104591,27873.08005458891,0.0,0.8,9210517.384000001
13695.22108666104,2803.797318818467,28221.493555271387,0.0,0.81,9325648.851300001
13864.297890200163,2838.412100532116,28569.90705595363,0.0,0.8200000000000001,9440780.3186
14033.374693739053,2873.0268822459916,28918.320556635987,0.0,0.8300000000000001,9555911.7859
14202.451497278176,2907.6416639597537,29266.73405731823,0.0,0.8400000000000001,9671043.253200002
14371.528300817241,2942.256445673402,29615.147558000594,0.0,0.8500000000000001,9786174.720500002
14540.605104356306,2976.871227387281,29963.561058683066,0.0,0.86,9901306.1878
14709.681907895254,3011.4860091010432,30311.97455936531,0.0,0.87,10016437.655100001
14878.758711434202,3046.1007908149218,30660.38806004778,0.0,0.88,10131569.1224
15047.835514973383,3080.715572528684,31008.80156073014,0.0,0.89,10246700.5897
15216.912318512273,3115.3303542425624,31357.215061412382,0.0,0.9,10361832.057
8425.392388210108,1724.9150224425978,17362.053192123654,0.01,0.5,5737202.075795
8593.90023597423,1759.413322891493,17709.29425596607,0.01,0.51,5851946.1173109
8762.408083738526,1793.9116233403913,18056.535319808485,0.01,0.52,5966690.158826801
8930.915931502648,1828.4099237892865,18403.77638365101,0.01,0.53,6081434.200342701
9099.423779266886,1862.9082242381878,18751.017447493537,0.01,0.54,6196178.241858601
9267.931627031183,1897.4065246869695,19098.25851133607,0.01,0.55,6310922.283374501
9436.439474795246,1931.9048251358677,19445.499575178594,0.01,0.56,6425666.324890401
9604.947322559543,1966.403125584763,19792.740639020896,0.01,0.5700000000000001,6540410.366406301
9773.455170323723,2000.9014260335478,20139.98170286342,0.01,0.58,6655154.4079222
9941.963018087903,2035.3997264823324,20487.222766705952,0.01,0.59,6769898.4494381
10110.470865852083,2069.8980269311173,20834.463830548477,0.01,0.6,6884642.4909540005
10278.978713616321,2104.396327380126,21181.704894390776,0.01,0.61,6999386.5324699
10447.486561380501,2138.894627828911,21528.945958233307,0.01,0.62,7114130.5739858
10615.99440914474,2173.3929282776926,21876.187022075832,0.01,0.63,7228874.615501701
10784.50225690892,2207.891228726594,22223.428085918247,0.01,0.64,7343618.657017601
10953.0101046731,2242.389529175489,22570.66914976078,0.01,0.65,7458362.698533501
11121.517952437454,2276.8878296245007,22917.910213603303,0.01,0.66,7573106.740049401
11290.025800201576,2311.3861300732824,23265.151277445602,0.01,0.67,7687850.781565301
11458.533647965756,2345.8844305220673,23612.39234128813,0.01,0.6799999999999999,7802594.8230812
11627.041495729936,2380.3827309709686,23959.633405130662,0.01,0.69,7917338.8645971
11795.549343494175,2414.8810314197503,24306.874468973187,0.01,0.7,8032082.906113
11964.057191258355,2449.379331868535,24654.115532815485,0.01,0.71,8146826.9476289
12132.565039022593,2483.877632317544,25001.356596658017,0.01,0.72,8261570.9891448
12301.072886786773,2518.3759327663256,25348.59766050054,0.01,0.73,8376315.0306607
12469.580734550953,2552.8742332151132,25695.838724343066,0.01,0.74,8491059.0721766
12638.088582315191,2587.372533663898,26043.07978818548,0.01,0.75,8605803.1136925
12806.596430079371,2621.870834112907,26390.320852028013,0.01,0.76,8720547.155208401
12975.104277843493,2656.3691345619186,26737.561915870425,0.01,0.77,8835291.196724301
13143.612125607848,2690.8674350107003,27084.80297971284,0.01,0.78,8950035.238240201
13312.119973371911,2725.365735459482,27432.044043555255,0.01,0.79,9064779.2797561
13480.627821136091,2759.864035908267,27779.285107397893,0.01,0.8,9179523.321272
13649.135668900446,2794.3623363571683,28126.526171240195,0.01,0.81,9294267.3627879
13817.643516664568,2828.86063680595,28473.767235082723,0.01,0.8200000000000001,9409011.404303802
13986.151364428748,2863.358937254848,28821.008298925248,0.01,0.8300000000000001,9523755.445819702
14154.65921219287,2897.8572377037435,29168.249362767776,0.01,0.8400000000000001,9638499.487335602
14323.167059957166,2932.3555381525252,29515.49042661008,0.01,0.8500000000000001,9753243.528851502
14491.674907721346,2966.853838601313,29862.731490452607,0.01,0.86,9867987.570367401
14660.182755485584,3001.352139050098,30209.97255429513,0.01,0.87,9982731.611883301
14828.690603249765,3035.85043949922,30557.21361813766,0.01,0.88,10097475.653399201
14997.198451013886,3070.3487399481182,30904.45468197996,0.01,0.89,10212219.694915101
15165.706298778183,3104.8470403969,31251.69574582249,0.01,0.9,10326963.736431
8396.944599469018,1719.0909591950915,17303.431350129267,0.02,0.5,5717830.786590001
8564.883491458371,1753.4727783790092,17649.499977131738,0.02,0.51,5832187.402321801
8732.822383447725,1787.85459756293,17995.568604134318,0.02,0.52,5946544.018053601
8900.76127543702,1822.2364167467342,18341.637231136792,0.02,0.53,6060900.633785401
9068.700167426548,1856.6182359305358,18687.7058581396,0.02,0.54,6175257.249517201
9236.63905941596,1891.00005511457,19033.7744851423,0.02,0.55,6289613.865249001
9404.577951405256,1925.381874298488,19379.84311214477,0.02,0.56,6403970.480980801
9572.51684339461,1959.7636934824056,19725.91173914735,0.02,0.5700000000000001,6518327.096712601
9740.455735384021,1994.1455126663236,20071.980366149935,0.02,0.58,6632683.7124444
9908.394627373316,2028.5273318502384,20418.0489931524,0.02,0.59,6747040.3281762
10076.33351936267,2062.9091510341564,20764.117620155102,0.02,0.6,6861396.943908
10244.272411352082,2097.290970218074,21110.186247157682,0.02,0.61,6975753.5596398
10412.211303341493,2131.6727894017677,21456.25487416027,0.02,0.62,7090110.1753716
10580.150195330789,2166.054608585686,21802.323501162737,0.02,0.63,7204466.791103401
10748.089087320259,2200.436427769714,22148.392128165433,0.02,0.64,7318823.406835201
10916.027979309554,2234.818246953632,22494.460755168016,0.02,0.65,7433180.022567001
11083.966871298966,2269.2000661375496,22840.529382170484,0.02,0.66,7547536.638298801
11251.905763288494,2303.5818853212404,23186.59800917307,0.02,0.67,7661893.254030601
11419.84465527779,2337.9637045051613,23532.666636175763,0.02,0.6799999999999999,7776249.8697624
11587.783547267143,2372.3455236893033,23878.735263178347,0.02,0.69,7890606.4854942
11755.722439256555,2406.727342873221,24224.803890180818,0.02,0.7,8004963.101226
11923.661331245967,2441.1091620570282,24570.872517183627,0.02,0.71,8119319.7169578
12091.600223235262,2475.4909812408328,24916.9411441861,0.02,0.72,8233676.332689601
12259.539115224616,2509.8728004248583,25263.00977118868,0.02,0.73,8348032.948421401
12427.47800721397,2544.254619608776,25609.078398191148,0.02,0.74,8462389.5641532
12595.41689920344,2578.6364387925832,25955.14702519396,0.02,0.75,8576746.179885
12763.355791192851,2613.0182579763878,26301.21565219643,0.02,0.76,8691102.795616802
12931.294683182146,2647.4000771603082,26647.28427919901,0.02,0.77,8805459.411348602
13099.233575171558,2681.7818963444533,26993.352906201486,0.02,0.78,8919816.027080402
13267.17246716097,2716.163715528371,27339.421533204295,0.02,0.79,9034172.642812202
13435.111359150382,2750.545534712056,27685.490160206762,0.02,0.8,9148529.258544002
13603.050251139677,2784.927353895977,28031.558787209346,0.02,0.81,9262885.874275802
13770.989143129089,2819.3091730798947,28377.627414211816,0.02,0.8200000000000001,9377242.490007602
13938.928035118442,2853.690992263926,28723.696041214625,0.02,0.8300000000000001,9491599.105739402
14106.866927107796,2888.0728114478466,29069.764668217093,0.02,0.8400000000000001,9605955.721471202
14274.805819097266,2922.4546306315347,29415.833295219792,0.02,0.8500000000000001,9720312.337203002
14442.74471108662,2956.8364498154524,29761.901922222147,0.02,0.86,9834668.952934802
14610.683603075915,2991.21826899937,30107.970549224847,0.02,0.87,9949025.568666602
14778.622495065443,3025.6000881832883,30454.039176227423,0.02,0.88,10063382.184398402
14946.561387054739,3059.981907367203,30800.107803230127,0.02,0.89,10177738.800130202
15114.500279044034,3094.363726551124,31146.176430232706,0.02,0.9,10292095.415862001
8368.496810727753,1713.266895947364,17244.80950813477,0.03,0.5,5698459.497385
8535.866746942338,1747.5322338664178,17589.705698297523,0.03,0.51,5812428.6873327
8703.236683156923,1781.7975717854688,17934.60188846027,0.03,0.52,5926397.8772804
8870.60661937145,1816.0629097042927,18279.498078622797,0.03,0.53,6040367.0672281
9037.976555586036,1850.3282476232303,18624.39426878555,0.03,0.54,6154336.2571758
9205.346491800621,1884.593585542281,18969.2904589483,0.03,0.55,6268305.4471235005
9372.71642801509,1918.8589234611109,19314.186649111052,0.03,0.56,6382274.637071201
9540.086364229559,1953.1242613800425,19659.08283927358,0.03,0.5700000000000001,6496243.827018901
9707.456300444202,1987.3895992990992,20003.979029436334,0.03,0.58,6610213.016966599
9874.82623665873,2021.6549372179231,20348.875219599086,0.03,0.59,6724182.206914299
10042.196172873373,2055.920275136977,20693.77140976184,0.03,0.6,6838151.396861999
10209.5661090879,2090.1856130559117,21038.667599924363,0.03,0.61,6952120.586809699
10376.936045302486,2124.4509509747354,21383.563790087115,0.03,0.62,7066089.7767574
10544.305981516954,2158.716288893789,21728.459980249867,0.03,0.63,7180058.9667051
10711.67591773154,2192.981626812727,22073.356170412615,0.03,0.64,7294028.1566528
10879.045853946067,2227.2469647316643,22418.252360575254,0.03,0.65,7407997.3466005
11046.415790160652,2261.5123026506017,22763.148550737897,0.03,0.66,7521966.5365482
11213.785726375238,2295.7776405696586,23108.04474090065,0.03,0.67,7635935.7264959
11381.155662589765,2330.0429784884764,23452.940931063287,0.03,0.6799999999999999,7749904.916443599
11548.52559880435,2364.308316407414,23797.83712122604,0.03,0.69,7863874.1063912995
11715.895535018819,2398.5736543264707,24142.73331138879,0.03,0.7,7977843.296339
11883.265471233346,2432.838992245408,24487.629501551426,0.03,0.71,8091812.4862867
12050.63540744799,2467.104330164232,24832.525691714178,0.03,0.72,8205781.6762344
12218.005343662575,2501.369668083283,25177.421881876817,0.03,0.73,8319750.8661821
12385.37527987716,2535.635006002337,25522.318072039572,0.03,0.74,8433720.0561298
12552.745216091746,2569.900343921161,25867.214262202324,0.03,0.75,8547689.2460775
12720.115152306273,2604.165681840095,26212.110452364854,0.03,0.76,8661658.4360252
12887.4850885208,2638.4310197591494,26557.0066425276,0.03,0.77,8775627.6259729
13054.855024735269,2672.696357677973,26901.902832690354,0.03,0.78,8889596.8159206
13222.22496094997,2706.9616955969163,27246.79902285311,0.03,0.79,9003566.0058683
13389.59489716444,2741.2270335159615,27591.69521301563,0.03,0.8,9117535.195816
13556.964833379083,2775.4923714350184,27936.59140317838,0.03,0.81,9231504.385763701
13724.33476959361,2809.7577093538425,28281.48759334114,0.03,0.8200000000000001,9345473.575711401
13891.704705808079,2844.02304727278,28626.383783503887,0.03,0.8300000000000001,9459442.765659101
14059.074642022664,2878.288385191831,28971.279973666413,0.03,0.8400000000000001,9573411.955606801
14226.444578237133,2912.5537231106546,29316.176163829165,0.03,0.8500000000000001,9687381.145554502
14393.814514451835,2946.819061029595,29661.072353991916,0.03,0.86,9801350.3355022
14561.184450666304,2981.084398948646,30005.96854415456,0.03,0.87,9915319.5254499
14728.554386880889,3015.34973686747,30350.864734317307,0.03,0.88,10029288.7153976
14895.924323095474,3049.615074786521,30695.760924479942,0.03,0.89,10143257.9053453
15063.294259310002,3083.880412705458,31040.657114642698,0.03,0.9,10257227.095293
8340.049021986604,1707.442832699747,17186.187666140497,0.04,0.5,5679088.20818
8506.850002426247,1741.5916893538206,17529.911419463187,0.04,0.51,5792669.9723436
8673.650982866064,1775.7405460077775,17873.635172785995,0.04,0.52,5906251.736507201
8840.45196330588,1809.8894026618539,18217.35892610881,0.04,0.53,6019833.5006708
9007.252943745407,1844.038259315811,18561.082679431725,0.04,0.54,6133415.2648344
9174.053924185282,1878.1871159698817,18904.806432754533,0.04,0.55,6246997.028998001
9340.854904624983,1912.3359726238446,19248.530186077118,0.04,0.56,6360578.793161601
9507.6558850648,1946.484829277912,19592.25393940015,0.04,0.5700000000000001,6474160.557325201
9674.4568655045,1980.6336859317614,19935.977692722845,0.04,0.58,6587742.3214887995
9841.257845944201,2014.782542585829,20279.701446045543,0.04,0.59,6701324.0856524
10008.05882638396,2048.9313992397892,20623.425199368576,0.04,0.6,6814905.849816
10174.85980682366,2083.0802558936384,20967.148952691266,0.04,0.61,6928487.6139796
10341.660787263361,2117.2291125478196,21310.872706014186,0.04,0.62,7042069.3781432
10508.461767703178,2151.3779692016633,21654.596459336884,0.04,0.63,7155651.1423068
10675.26274814282,2185.52682585585,21998.320212659575,0.04,0.64,7269232.9064704
10842.06372858258,2219.6756825096963,22342.04396598261,0.04,0.65,7382814.670634001
11008.864709022339,2253.8245391638834,22685.76771930531,0.04,0.66,7496396.434797601
11175.665689461981,2287.973395817727,23029.491472628113,0.04,0.67,7609978.1989612
11342.466669901798,2322.122252471911,23373.21522595092,0.04,0.6799999999999999,7723559.9631248
11509.267650341557,2356.2711091257606,23716.93897927384,0.04,0.69,7837141.7272884
11676.0686307812,2390.419965779942,24060.662732596425,0.04,0.7,7950723.491451999
11842.869611220958,2424.568822433791,24404.38648591934,0.04,0.71,8064305.255615599
12009.670591660775,2458.717679087975,24748.11023924215,0.04,0.72,8177887.0197792
12176.471572100418,2492.866535741705,25091.833992565076,0.04,0.73,8291468.7839428
12343.272552540177,2527.0153923957814,25435.55774588788,0.04,0.74,8405050.5481064
12510.073532979935,2561.1642490497356,25779.28149921046,0.04,0.75,8518632.31227
12676.874513419694,2595.3131057036985,26123.00525253338,0.04,0.76,8632214.0764336
12843.675493859395,2629.4619623577632,26466.729005856192,0.04,0.77,8745795.840597201
13010.476474299037,2663.610819011726,26810.452759178996,0.04,0.78,8859377.6047608
13177.277454738913,2697.7596756657995,27154.176512501916,0.04,0.79,8972959.3689244
13344.078435178439,2731.9085323197564,27497.9002658245,0.04,0.8,9086541.133088
13510.879415618256,2766.057388973827,27841.624019147534,0.04,0.81,9200122.8972516
13677.680396058073,2800.20624562779,28185.347772470228,0.04,0.8200000000000001,9313704.6614152
13844.481376497773,2834.3551022818606,28529.07152579304,0.04,0.8300000000000001,9427286.425578801
14011.282356937532,2868.5039589358207,28872.79527911596,0.04,0.8400000000000001,9540868.189742401
14178.083337377233,2902.652815589664,29216.519032438762,0.04,0.8500000000000001,9654449.953906002
14344.884317816934,2936.801672243621,29560.24278576157,0.04,0.86,9768031.7180696
14511.68529825675,2970.9505288976975,29903.966539084267,0.04,0.87,9881613.4822332
14678.486278696393,3005.0993855516517,30247.690292407075,0.04,0.88,9995195.2463968
14845.287259136094,3039.248242205728,30591.41404572988,0.04,0.89,10108777.0105604
15012.088239575853,3073.3970988596852,30935.137799052805,0.04,0.9,10222358.774724001
8311.601233245397,1701.6187694522496,17127.565824145997,0.05,0.5,5659716.918975
8477.833257910272,1735.6511448413396,17470.11714062897,0.05,0.51,5772911.257354501
8644.065282575262,1769.683520230322,17812.66845711195,0.05,0.52,5886105.595734
8810.297307240195,1803.715895619296,18155.219773594927,0.05,0.53,5999299.934113501
8976.529331905069,1837.7482710083862,18497.771090077673,0.05,0.54,6112494.272493001
9142.76135657006,1871.7806463975955,18840.32240656054,0.05,0.55,6225688.610872501
9308.993381234934,1905.8130217864616,19182.873723043514,0.05,0.56,6338882.949252001
9475.225405899808,1939.8453971756683,19525.425039526493,0.05,0.5700000000000001,6452077.287631501
9641.45743056474,1973.8777725645314,19867.976356009473,0.05,0.58,6565271.626011
9807.689455229556,2007.9101479537408,20210.52767249222,0.05,0.59,6678465.9643904995
9973.921479894547,2041.9425233427146,20553.078988975194,0.05,0.6,6791660.30277
10140.153504559421,2075.9748987317,20895.63030545806,0.05,0.61,6904854.6411495
10306.385529224237,2110.00727412079,21238.181621941036,0.05,0.62,7018048.979529
10472.617553889286,2144.03964950977,21580.732938423786,0.05,0.63,7131243.3179085
10638.849578554102,2178.07202489886,21923.28425490676,0.05,0.64,7244437.656288001
10805.08160321915,2212.1044002880694,22265.835571389965,0.05,0.65,7357631.9946675
10971.313627883967,2246.1367756769323,22608.38688787272,0.05,0.66,7470826.333047001
11137.54565254884,2280.1691510660285,22950.93820435569,0.05,0.67,7584020.671426501
11303.777677213831,2314.201526454892,23293.489520838553,0.05,0.6799999999999999,7697215.009806
11470.009701878647,2348.233901844098,23636.040837321536,0.05,0.69,7810409.3481855
11636.241726543696,2382.2662772331882,23978.592153804282,0.05,0.7,7923603.686565
11802.473751208512,2416.2986526221707,24321.14347028726,0.05,0.71,8036798.0249445
11968.705775873386,2450.331028011261,24663.694786770237,0.05,0.72,8149992.3633240005
12134.937800538319,2484.3634034002434,25006.246103253212,0.05,0.73,8263186.7017035
12301.169825203193,2518.3957787893337,25348.797419736075,0.05,0.74,8376381.040083
12467.401849868125,2552.4281541784267,25691.34873621905,0.05,0.75,8489575.3784625
12633.633874533116,2586.4605295672927,26033.900052702025,0.05,0.76,8602769.716842001
12799.86589919799,2620.492904956502,26376.451369184782,0.05,0.77,8715964.0552215
12966.097923862806,2654.5252803453627,26719.002685667754,0.05,0.78,8829158.393601
13132.329948527797,2688.557655734572,27061.554002150733,0.05,0.79,8942352.7319805
13298.561973192729,2722.590031123435,27404.10531863371,0.05,0.8,9055547.070360001
13464.793997857603,2756.6224065126416,27746.65663511657,0.05,0.81,9168741.408739502
13631.026022522536,2790.6547819016214,28089.207951599547,0.05,0.8200000000000001,9281935.747119002
13797.25804718741,2824.687157290717,28431.7592680823,0.05,0.8300000000000001,9395130.0854985
13963.4900718524,2858.719532679691,28774.310584565275,0.05,0.8400000000000001,9508324.423878001
14129.722096517216,2892.751908068787,29116.86190104825,0.05,0.8500000000000001,9621518.762257501
14295.95412118209,2926.7842834577636,29459.41321753111,0.05,0.86,9734713.100637
14462.186145847081,2960.816658846976,29801.964534014205,0.05,0.87,9847907.4390165
14628.418170511955,2994.8490342358364,30144.515850497064,0.05,0.88,9961101.777396
14794.650195176888,3028.8814096250458,30487.067166979818,0.05,0.89,10074296.115775501
14960.882219841762,3062.913785013906,30829.618483462793,0.05,0.9,10187490.454155
8283.153444504249,1695.7947062046326,17068.943982151606,0.06,0.5,5640345.62977
8448.816513394297,1729.7106003287454,17410.32286179464,0.06,0.51,5753152.5423654
8614.47958228446,1763.6264944527416,17751.70174143756,0.06,0.52,5865959.454960801
8780.14265117445,1797.5423885768544,18093.08062108071,0.06,0.53,5978766.3675562
8945.805720064498,1831.4582827009729,18434.459500723737,0.06,0.54,6091573.280151601
9111.468788954662,1865.3741768250854,18775.83838036666,0.06,0.55,6204380.192747001
9277.131857844826,1899.2900709491923,19117.21726000969,0.06,0.56,6317187.105342401
9442.794926734932,1933.2059650731944,19458.59613965295,0.06,0.5700000000000001,6429994.017937801
9608.45799562498,1967.1218591974207,19799.975019295867,0.06,0.58,6542800.9305332005
9774.121064515028,2001.0377533215333,20141.353898938898,0.06,0.59,6655607.8431286
9939.784133405075,2034.9536474455383,20482.73277858193,0.06,0.6,6768414.755724001
10105.447202295181,2068.869541569645,20824.111658224963,0.06,0.61,6881221.6683194
10271.110271185287,2102.7854356937605,21165.490537868107,0.06,0.62,6994028.580914801
10436.773340075393,2136.70132981776,21506.869417511138,0.06,0.63,7106835.493510201
10602.4364089655,2170.6172239418725,21848.248297154176,0.06,0.64,7219642.4061056
10768.099477855547,2204.533118065988,22189.627176797094,0.06,0.65,7332449.318701001
10933.762546745595,2238.449012190098,22531.00605644012,0.06,0.66,7445256.231296401
11099.4256156357,2272.364906314097,22872.384936083155,0.06,0.67,7558063.143891801
11265.08868452569,2306.2808004382127,23213.763815726186,0.06,0.6799999999999999,7670870.0564872
11430.751753415912,2340.196694562439,23555.14269536922,0.06,0.69,7783676.9690826
11596.414822306018,2374.112588686441,23896.52157501214,0.06,0.7,7896483.881678
11762.077891196066,2408.0284828105505,24237.900454655177,0.06,0.71,8009290.794273401
11927.740960086172,2441.9443769346635,24579.279334298204,0.06,0.72,8122097.7068688
12093.40402897622,2475.860271058779,24920.658213941348,0.06,0.73,8234904.619464201
12259.06709786621,2509.776165182778,25262.037093584386,0.06,0.74,8347711.532059601
12424.73016675649,2543.6920593068908,25603.41597322753,0.06,0.75,8460518.444655001
12590.393235646538,2577.6079534310034,25944.79485287056,0.06,0.76,8573325.3572504
12756.056304536702,2611.5238475550027,26286.17373251359,0.06,0.77,8686132.2698458
12921.719373426691,2645.4397416791153,26627.552612156625,0.06,0.78,8798939.182441201
13087.382442316739,2679.355635803231,26968.931491799656,0.06,0.79,8911746.095036602
13253.045511206787,2713.2715299273436,27310.310371442574,0.06,0.8,9024553.007632
13418.708580096893,2747.187424051343,27651.689251085496,0.06,0.81,9137359.920227401
13584.371648986998,2781.103318175569,27993.068130728643,0.06,0.8200000000000001,9250166.832822802
13750.034717877104,2815.019212299682,28334.447010371674,0.06,0.8300000000000001,9362973.745418202
13915.69778676721,2848.935106423911,28675.825890014705,0.06,0.8400000000000001,9475780.6580136
14081.3608556572,2882.8510005477965,29017.204769657626,0.06,0.8500000000000001,9588587.570609001
14247.023924547248,2916.766894671903,29358.583649300657,0.06,0.86,9701394.4832044
14412.686993437354,2950.6827887960217,29699.962528943914,0.06,0.87,9814201.3957998
14578.350062327518,2984.598682920021,30041.34140858684,0.06,0.88,9927008.308395201
14744.013131217682,3018.514577044131,30382.720288229866,0.06,0.89,10039815.2209906
14909.67620010773,3052.4304711682494,30724.099167872904,0.06,0.9,10152622.133586
8254.7056557631,1689.9706429569023,17010.322140157226,0.07,0.5,5620974.340565
8419.799768878322,1723.7700558160345,17350.528582960196,0.07,0.51,5733393.8273763
8584.89388199366,1757.5694686751697,17690.7350257634,0.07,0.52,5845813.3141876
8749.987995108822,1791.3688815344185,18030.9414685666,0.07,0.53,5958232.8009989
8915.082108224102,1825.168294393548,18371.147911369917,0.07,0.54,6070652.2878102
9080.176221339323,1858.9677072526802,18711.35435417289,0.07,0.55,6183071.774621501
9245.270334454544,1892.7671201118123,19051.560796976093,0.07,0.56,6295491.2614328
9410.364447569882,1926.566532970837,19391.767239779292,0.07,0.5700000000000001,6407910.7482441
9575.458560685162,1960.3659458300829,19731.973682582266,0.07,0.58,6520330.235055399
9740.5526738005,1994.1653586893285,20072.18012538547,0.07,0.59,6632749.721866699
9905.646786915779,2027.9647715483502,20412.38656818867,0.07,0.6,6745169.208678
10070.740900031,2061.764184407599,20752.593010991874,0.07,0.61,6857588.6954892995
10235.835013146338,2095.563597266734,21092.799453794847,0.07,0.62,6970008.182300599
10400.929126261442,2129.3630101256394,21433.005896598046,0.07,0.63,7082427.6691119
10566.023239376664,2163.1624229848853,21773.212339401365,0.07,0.64,7194847.1559232
10731.117352492001,2196.961835844128,22113.41878220434,0.07,0.65,7307266.6427345
10896.211465607223,2230.7612487031497,22453.62522500742,0.07,0.66,7419686.1295458
11061.30557872256,2264.5606615623983,22793.831667810624,0.07,0.67,7532105.6163571
11226.39969183784,2298.360074421644,23134.038110613827,0.07,0.6799999999999999,7644525.103168399
11391.493804953003,2332.1594872805495,23474.24455341691,0.07,0.69,7756944.589979699
11556.58791806834,2365.9589001396876,23814.450996220115,0.07,0.7,7869364.076790999
11721.68203118362,2399.7583129989334,24154.657439023315,0.07,0.71,7981783.563602299
11886.776144298841,2433.5577258579524,24494.86388182629,0.07,0.72,8094203.050413599
12051.870257414179,2467.357138717198,24835.070324629494,0.07,0.73,8206622.537224899
12216.964370529458,2501.1565515764496,25175.276767432693,0.07,0.74,8319042.0240362
12382.058483644738,2534.9559644354686,25515.48321023601,0.07,0.75,8431461.5108475
12547.152596759901,2568.7553772946007,25855.689653038866,0.07,0.76,8543880.9976588
12712.24670987518,2602.554790153733,26195.89609584218,0.07,0.77,8656300.4844701
12877.34082299046,2636.354203012871,26536.102538645267,0.07,0.78,8768719.9712814
13042.434936105623,2670.1536158720005,26876.30898144825,0.07,0.79,8881139.4580927
13207.52904922096,2703.9530287312464,27216.515424251556,0.07,0.8,8993558.944904
13372.623162336182,2737.7524415903786,27556.72186705476,0.07,0.81,9105978.4317153
13537.717275451403,2771.5518544495167,27896.928309857736,0.07,0.8200000000000001,9218397.918526601
13702.81138856674,2805.351267308649,28237.134752660935,0.07,0.8300000000000001,9330817.4053379
13867.905501682078,2839.150680167668,28577.341195464138,0.07,0.8400000000000001,9443236.8921492
14032.999614797242,2872.9500930269137,28917.547638267228,0.07,0.8500000000000001,9555656.378960501
14198.093727912521,2906.7495058860486,29257.754081070314,0.07,0.86,9668075.8657718
14363.187841027742,2940.548918745184,29597.96052387351,0.07,0.87,9780495.3525831
14528.28195414308,2974.34833160443,29938.16696667672,0.07,0.88,9892914.8393944
14693.376067258301,3008.1477444634515,30278.373409479915,0.07,0.89,10005334.326205699
14858.470180373522,3041.947157322464,30618.57985228289,0.07,0.9,10117753.813017
8226.257867021894,1684.1465797094017,16951.700298162723,0.08,0.5,5601603.051360001
8390.783024362347,1717.8295113035538,17290.73430412598,0.08,0.51,5713635.112387201
8555.308181702858,1751.5124428977085,17629.768310089352,0.08,0.52,5825667.173414401
8719.833339043253,1785.1953744920875,17968.802316052494,0.08,0.53,5937699.234441602
8884.358496383706,1818.8783060862422,18307.836322015864,0.08,0.54,6049731.295468802
9048.8836537241,1852.5612376803942,18646.870327978897,0.08,0.55,6161763.356496002
9213.408811064553,1886.244169274549,18985.904333942377,0.08,0.56,6273795.417523202
9377.933968404948,1919.9271008687008,19324.93833990541,0.08,0.5700000000000001,6385827.4785504015
9542.459125745343,1953.610032462972,19663.972345868897,0.08,0.58,6497859.539577601
9706.984283085854,1987.292964057127,20003.006351832035,0.08,0.59,6609891.6006048005
9871.509440426307,2020.9758956511653,20342.040357795293,0.08,0.6,6721923.6616320005
10036.03459776676,2054.65882724532,20681.074363758547,0.08,0.61,6833955.7226592
10200.559755107213,2088.3417588395855,21020.108369722035,0.08,0.62,6945987.783686401
10365.084912447608,2122.02469043374,21359.14237568506,0.08,0.63,7058019.844713601
10529.610069788061,2155.7076220278923,21698.176381648318,0.08,0.64,7170051.905740801
10694.135227128572,2189.39055362205,22037.210387611576,0.08,0.65,7282083.966768001
10858.66038446885,2223.073485216426,22376.244393574943,0.08,0.66,7394116.027795201
11023.185541809304,2256.756416810589,22715.27839953809,0.08,0.67,7506148.088822402
11187.710699149873,2290.4393484047414,23054.312405501463,0.08,0.6799999999999999,7618180.1498496
11352.235856490268,2324.122279998896,23393.34641146449,0.08,0.69,7730212.2108768
11516.761013830663,2357.8052115931614,23732.380417427972,0.08,0.7,7842244.271904001
11681.286171171116,2391.4881431873164,24071.414423391234,0.08,0.71,7954276.332931201
11845.811328511569,2425.171074781468,24410.448429354372,0.08,0.72,8066308.393958401
12010.33648585208,2458.8540063756227,24749.48243531763,0.08,0.73,8178340.454985601
12174.861643192417,2492.536937969775,25088.516441280884,0.08,0.74,8290372.516012801
12339.386800532811,2526.219869564043,25427.550447244143,0.08,0.75,8402404.577040002
12503.911957873323,2559.9028011581977,25766.58445320763,0.08,0.76,8514436.6380672
12668.437115213776,2593.5857327523527,26105.618459170655,0.08,0.77,8626468.699094402
12832.96227255417,2627.268664346732,26444.65246513403,0.08,0.78,8738500.760121603
12997.487429894565,2660.9515959408864,26783.68647109717,0.08,0.79,8850532.821148802
13162.012587235135,2694.634527535038,27122.72047706054,0.08,0.8,8962564.882176002
13326.537744575588,2728.317459129193,27461.7544830238,0.08,0.81,9074596.943203202
13491.062901915924,2762.000390723345,27800.78848898705,0.08,0.8200000000000001,9186629.004230402
13655.588059256435,2795.683322317613,28139.822494950084,0.08,0.8300000000000001,9298661.065257601
13820.113216596714,2829.3662539117654,28478.856500913567,0.08,0.8400000000000001,9410693.126284802
13984.638373937341,2863.049185505923,28817.89050687682,0.08,0.8500000000000001,9522725.187312003
14149.163531277794,2896.7321171000776,29156.924512839967,0.08,0.86,9634757.2483392
14313.688688618073,2930.415048694457,29495.958518803225,0.08,0.87,9746789.309366401
14478.213845958642,2964.0979802886145,29834.99252476648,0.08,0.88,9858821.370393602
14642.739003299095,2997.780911882763,30174.026530729738,0.08,0.89,9970853.431420801
14807.264160639432,3031.463843476921,30513.060536693112,0.08,0.9,10082885.492448002
8197.810078280687,1678.322516461782,16893.078456168456,0.09,0.5,5582231.762155001
8361.766279846372,1711.88896679107,17230.940025291653,0.09,0.51,5693876.397398101
8525.72248141194,1745.455417120131,17568.80159441519,0.09,0.52,5805521.032641201
8689.678682977625,1779.0218674494188,17906.66316353839,0.09,0.53,5917165.667884301
8853.634884543193,1812.588317778596,18244.524732661816,0.09,0.54,6028810.3031274015
9017.591086108761,1846.1547681079976,18582.38630178535,0.09,0.55,6140454.938370502
9181.547287674446,1879.7212184372825,18920.24787090855,0.09,0.56,6252099.573613602
9345.503489240073,1913.2876687663434,19258.109440031974,0.09,0.5700000000000001,6363744.208856702
9509.4596908057,1946.8541190956314,19595.97100915529,0.09,0.58,6475388.844099801
9673.415892371268,1980.4205694248087,19933.832578278718,0.09,0.59,6587033.479342901
9837.372093936894,2013.9870197540965,20271.694147402028,0.09,0.6,6698678.114586001
10001.32829550252,2047.5534700833846,20609.555716525454,0.09,0.61,6810322.749829101
10165.284497068205,2081.1199204125587,20947.417285648768,0.09,0.62,6921967.3850722015
10329.240698633716,2114.6863707417306,21285.278854772194,0.09,0.63,7033612.020315302
10493.1969001994,2148.2528210711316,21623.140423895504,0.09,0.64,7145256.655558402
10657.153101765027,2181.819271400306,21961.00199301893,0.09,0.65,7256901.290801502
10821.109303330595,2215.385721729597,22298.86356214236,0.09,0.66,7368545.926044602
10985.065504896105,2248.952172058885,22636.725131265666,0.09,0.67,7480190.561287702
11149.02170646179,2282.518622387946,22974.586700389096,0.09,0.6799999999999999,7591835.1965308
11312.977908027417,2316.085072717231,23312.448269512406,0.09,0.69,7703479.8317739
11476.934109593043,2349.651523046405,23650.309838635832,0.09,0.7,7815124.467017001
11640.89031115867,2383.217973375696,23988.17140775915,0.09,0.71,7926769.102260101
11804.846512724354,2416.784423704984,24326.032976882347,0.09,0.72,8038413.737503201
11968.802714289806,2450.3508740341586,24663.894546006,0.09,0.73,8150058.372746301
12132.758915855491,2483.9173243634464,25001.75611512931,0.09,0.74,8261703.007989401
12296.715117421118,2517.483774692734,25339.617684252502,0.09,0.75,8373347.643232502
12460.671318986744,2551.0502250219056,25677.479253375932,0.09,0.76,8484992.278475601
12624.627520552429,2584.6166753511934,26015.34082249947,0.09,0.77,8596636.913718702
12788.583722117997,2618.1831256802575,26353.202391622668,0.09,0.78,8708281.548961801
12952.539923683624,2651.7495760095453,26691.063960745985,0.09,0.79,8819926.184204902
13116.496125249134,2685.31602633872,27028.925529869637,0.09,0.8,8931570.819448002
13280.452326814819,2718.8824766680077,27366.787098992834,0.09,0.81,9043215.454691103
13444.408528380445,2752.448926997293,27704.648668116148,0.09,0.8200000000000001,9154860.089934202
13608.36472994613,2786.015377326467,28042.510237239458,0.09,0.8300000000000001,9266504.725177303
13772.32093151164,2819.5818276558716,28380.371806363,0.09,0.8400000000000001,9378149.360420402
13936.277133077325,2853.1482779850458,28718.23337548631,0.09,0.8500000000000001,9489793.995663503
14100.233334642835,2886.7147283142203,29056.09494460962,0.09,0.86,9601438.630906602
14264.189536208462,2920.281178643508,29393.95651373305,0.09,0.87,9713083.266149702
14428.145737774146,2953.847628972796,29731.818082856476,0.09,0.88,9824727.901392803
14592.101939339773,2987.414079301854,30069.67965197979,0.09,0.89,9936372.536635902
14756.0581409054,3020.980529631034,30407.5412211031,0.09,0.9,10048017.171879003
8169.362289539655,1672.4984532141682,16834.45661417395,0.1,0.5,5562860.47295
8332.749535330397,1705.9484222784756,17171.14574645743,0.1,0.51,5674117.682409001
8496.136781121197,1739.3983913426755,17507.83487874091,0.1,0.52,5785374.891868001
8659.524026911997,1772.848360406983,17844.524011024394,0.1,0.53,5896632.101327
8822.911272702797,1806.2983294711712,18181.21314330799,0.1,0.54,6007889.310786
8986.298518493597,1839.7482985357115,18517.90227559147,0.1,0.55,6119146.520245001
9149.685764284339,1873.1982675999056,18854.591407874843,0.1,0.56,6230403.729704001
9313.073010075139,1906.6482366640996,19191.28054015832,0.1,0.5700000000000001,6341660.939163001
9476.460255865939,1940.098205728407,19527.969672441806,0.1,0.58,6452918.148622
9639.84750165668,1973.548174792604,19864.658804725397,0.1,0.59,6564175.358081
9803.23474744754,2006.9981438571415,20201.347937008763,0.1,0.6,6675432.56754
9966.621993238281,2040.448112921216,20538.03706929236,0.1,0.61,6786689.776999
10130.009239029081,2073.898081985416,20874.726201575726,0.1,0.62,6897946.986458001
10293.396484819823,2107.348051049837,21211.41533385921,0.1,0.63,7009204.195917
10456.78373061074,2140.7980201141445,21548.10446614269,0.1,0.64,7120461.405376
10620.170976401598,2174.247989178452,21884.793598426168,0.1,0.65,7231718.614835001
10783.558222192281,2207.697958242649,22221.482730709653,0.1,0.66,7342975.824294001
10946.94546798314,2241.1479273068458,22558.17186299313,0.1,0.67,7454233.033753001
11110.332713773882,2274.5978963713746,22894.860995276616,0.1,0.6799999999999999,7565490.243212
11273.719959564623,2308.0478654355684,23231.550127560207,0.1,0.69,7676747.452671
11437.107205355365,2341.4978344997685,23568.23925984369,0.1,0.7,7788004.66213
11600.494451146282,2374.947803564076,23904.928392127174,0.1,0.71,7899261.871589
11763.881696937024,2408.39777262827,24241.617524410656,0.1,0.72,8010519.081048001
11927.268942727766,2441.847741692694,24578.306656694138,0.1,0.73,8121776.290507
12090.656188518624,2475.297710756891,24914.995788977616,0.1,0.74,8233033.499966
12254.043434309307,2508.747679821312,25251.68492126087,0.1,0.75,8344290.7094250005
12417.430680100108,2542.1976488855057,25588.37405354458,0.1,0.76,8455547.918884
12580.817925891024,2575.647617949813,25925.063185827832,0.1,0.77,8566805.128343001
12744.205171681824,2609.097587014121,26261.752318111543,0.1,0.78,8678062.337802
12907.592417472624,2642.547556078318,26598.441450394796,0.1,0.79,8789319.547261002
13070.979663263366,2675.9975251425117,26935.130582678277,0.1,0.8,8900576.75672
13234.366909054166,2709.4474942070465,27271.81971496176,0.1,0.81,9011833.966179
13397.754154844966,2742.8974632712434,27608.508847245237,0.1,0.8200000000000001,9123091.175638001
13561.141400635708,2776.347432335551,27945.19797952872,0.1,0.8300000000000001,9234348.385097
13724.528646426566,2809.797401399745,28281.887111812426,0.1,0.8400000000000001,9345605.594556002
13887.915892217308,2843.2473704640524,28618.57624409591,0.1,0.8500000000000001,9456862.804015001
14051.303138007992,2876.69733952836,28955.265376379393,0.1,0.86,9568120.013474
14214.69038379885,2910.147308592557,29291.95450866287,0.1,0.87,9679377.222933
14378.077629589709,2943.597277656978,29628.643640946353,0.1,0.88,9790634.432392001
14541.464875380392,2977.047246721175,29965.332773229835,0.1,0.89,9901891.641851
14704.85212117125,3010.4972157854822,30302.021905513317,0.1,0.9,10013148.851310002
8140.91450079839,1666.6743899666676,16775.83477217945,0.11,0.5,5543489.1837450005
8303.732790814363,1700.0078777657677,17111.351467623103,0.11,0.51,5654358.967419901
8466.551080830337,1733.3413655652084,17446.868163066636,0.11,0.52,5765228.7510948
8629.369370846252,1766.674853364428,17782.384858510286,0.11,0.53,5876098.534769701
8792.187660862342,1800.008341163758,18117.901553954052,0.11,0.54,5986968.318444601
8955.005950878316,1833.3418289631927,18453.41824939759,0.11,0.55,6097838.102119501
9117.824240894231,1866.6753167624122,18788.934944841243,0.11,0.56,6208707.885794401
9280.642530910147,1900.0088045617422,19124.451640284777,0.11,0.5700000000000001,6319577.669469302
9443.46082092612,1933.3422923611856,19459.9683357282,0.11,0.58,6430447.4531442
9606.279110942152,1966.6757801603965,19795.485031171967,0.11,0.59,6541317.236819101
9769.09740095801,2000.0092679597265,20131.00172661561,0.11,0.6,6652187.020494
9931.915690973983,2033.3427557591729,20466.51842205915,0.11,0.61,6763056.8041689005
10094.733980990073,2066.6762435585,20802.035117502575,0.11,0.62,6873926.587843801
10257.55227100593,2100.0097313577135,21137.551812946338,0.11,0.63,6984796.3715187
10420.37056102202,2133.3432191571574,21473.06850838976,0.11,0.64,7095666.155193601
10583.188851038052,2166.6767069564844,21808.5852038333,0.11,0.65,7206535.938868501
10746.00714105391,2200.0101947556977,22144.101899277062,0.11,0.66,7317405.722543401
10908.825431069883,2233.3436825551416,22479.618594720716,0.11,0.67,7428275.506218301
11071.643721085857,2266.6771703544746,22815.13529016425,0.11,0.6799999999999999,7539145.2898932
11234.462011101888,2300.010658153915,23150.6519856079,0.11,0.69,7650015.0735681
11397.280301117862,2333.344145953126,23486.16868105144,0.11,0.7,7760884.8572430005
11560.098591133778,2366.677633752459,23821.685376494865,0.11,0.71,7871754.6409179
11722.916881149693,2400.011121551899,24157.202071938624,0.11,0.72,7982624.4245928
11885.735171165725,2433.344609351119,24492.718767382274,0.11,0.73,8093494.208267701
12048.553461181582,2466.678097150443,24828.235462825814,0.11,0.74,8204363.9919426
12211.371751197556,2500.0115849498834,25163.752158269464,0.11,0.75,8315233.775617501
12374.190041213646,2533.345072749103,25499.26885371311,0.11,0.76,8426103.5592924
12537.008331229503,2566.67856054843,25834.78554915653,0.11,0.77,8536973.342967302
12699.826621245476,2600.0120483478736,26170.302244600185,0.11,0.78,8647843.126642201
12862.644911261566,2633.3455361470874,26505.81894004384,0.11,0.79,8758712.9103171
13025.46320127754,2666.6790239464144,26841.335635487372,0.11,0.8,8869582.693992002
13188.281491293397,2700.012511745858,27176.85233093102,0.11,0.81,8980452.477666901
13351.099781309429,2733.3459995451854,27512.36902637467,0.11,0.8200000000000001,9091322.2613418
13513.918071325403,2766.6794873446315,27847.8857218181,0.11,0.8300000000000001,9202192.045016702
13676.736361341318,2800.0129751438453,28183.402417261746,0.11,0.8400000000000001,9313061.828691602
13839.55465135735,2833.346462943175,28518.919112705393,0.11,0.8500000000000001,9423931.612366501
14002.372941373324,2866.679950742616,28854.435808148934,0.11,0.86,9534801.3960414
14165.191231389297,2900.0134385418296,29189.952503592584,0.11,0.87,9645671.1797163
14328.009521405329,2933.3469263409356,29525.469199036233,0.11,0.88,9756540.963391202
14490.827811421186,2966.6804141406,29860.98589447977,0.11,0.89,9867410.747066101
14653.64610143716,3000.013901939706,30196.502589923195,0.11,0.9,9978280.530741
8112.466712057125,1660.850326718821,16717.212930185182,0.12,0.5,5524117.894540001
8274.71604629833,1694.0673332534004,17051.557188788884,0.12,0.51,5634600.252430801
8436.965380539536,1727.28433978775,17385.901447392593,0.12,0.52,5745082.610321601
8599.214714780683,1760.5013463220969,17720.245705996298,0.12,0.53,5855564.9682124015
8761.464049021772,1793.7183528564465,18054.58996459989,0.12,0.54,5966047.326103201
8923.713383262977,1826.935359390796,18388.934223203705,0.12,0.55,6076529.683994002
9085.962717504124,1860.152365925262,18723.278481807298,0.12,0.56,6187012.041884801
9248.212051745155,1893.369372459609,19057.622740411116,0.12,0.5700000000000001,6297494.399775602
9410.461385986418,1926.5863789939585,19391.96699901483,0.12,0.58,6407976.757666401
9572.71072022745,1959.8033855281947,19726.311257618414,0.12,0.59,6518459.1155572
9734.960054468771,1993.020392062655,20060.655516222123,0.12,0.6,6628941.473448001
9897.209388709744,2026.2373985968911,20394.999774826058,0.12,0.61,6739423.8313388005
10059.458722951065,2059.4544051314706,20729.344033429537,0.12,0.62,6849906.189229601
10221.708057192096,2092.6714116658145,21063.688292033243,0.12,0.63,6960388.547120401
10383.957391433243,2125.888418200167,21398.032550637174,0.12,0.64,7070870.905011201
10546.206725674332,2159.1054247345164,21732.37680924065,0.12,0.65,7181353.262902001
10708.456059915537,2192.32243126898,22066.721067844355,0.12,0.66,7291835.6207928015
10870.705394156801,2225.5394378033266,22401.06532644795,0.12,0.67,7402317.978683601
11032.954728397832,2258.756444337676,22735.409585051882,0.12,0.6799999999999999,7512800.3365744
11195.204062639095,2291.9734508720285,23069.75384365559,0.12,0.69,7623282.6944652
11357.453396880184,2325.190457406605,23404.098102259293,0.12,0.7,7733765.052356
11519.702731121215,2358.4074639408354,23738.442360863006,0.12,0.71,7844247.410246801
11681.952065362362,2391.6244704753017,24072.786619466708,0.12,0.72,7954729.7681376
11844.201399603626,2424.841477009538,24407.130878070417,0.12,0.73,8065212.126028401
12006.450733844715,2458.0584835441146,24741.475136674115,0.12,0.74,8175694.4839192005
12168.700068085862,2491.2754900783534,25075.819395277824,0.12,0.75,8286176.841810001
12330.949402327009,2524.492496612811,25410.163653881533,0.12,0.76,8396659.1997008
12493.198736568214,2557.70950314705,25744.507912485235,0.12,0.77,8507141.557591602
12655.448070809245,2590.9265096816207,26078.85217108883,0.12,0.78,8617623.915482402
12817.69740505045,2624.1435162157463,26413.19642969265,0.12,0.79,8728106.273373201
12979.946739291598,2657.360522750323,26747.540688296358,0.12,0.8,8838588.631264001
13142.196073532803,2690.5775292846724,27081.88494689995,0.12,0.81,8949070.989154803
13304.445407773776,2723.7945358190195,27416.22920550377,0.12,0.8200000000000001,9059553.347045602
13466.694742015097,2757.0115423534826,27750.573464107587,0.12,0.8300000000000001,9170035.704936402
13628.944076256244,2790.228548887832,28084.917722711063,0.12,0.8400000000000001,9280518.062827202
13791.193410497392,2823.4455554221845,28419.26198131477,0.12,0.8500000000000001,9391000.420718003
13953.44274473848,2856.6625619565316,28753.606239918474,0.12,0.86,9501482.7786088
14115.692078979628,2889.879568490881,29087.950498522187,0.12,0.87,9611965.1364996
14277.941413220717,2923.0965750251203,29422.294757126114,0.12,0.88,9722447.494390402
14440.190747461864,2956.313581559691,29756.639015729597,0.12,0.89,9832929.852281202
14602.440081703127,2989.53058809393,30090.983274333415,0.12,0.9,9943412.210172001
8084.018923316093,1655.0262634710934,16658.591088190908,0.13,0.5,5504746.605335001
8245.699301782413,1688.126788740806,16991.762909954556,0.13,0.51,5614841.537441701
8407.379680248676,1721.2273140102889,17324.93473171854,0.13,0.52,5724936.469548401
8569.060058714938,1754.3278392795446,17658.106553482303,0.13,0.53,5835031.401655101
8730.740437181434,1787.4283645490273,17991.278375246064,0.13,0.54,5945126.333761801
8892.420815647638,1820.5288898185129,18324.450197009715,0.13,0.55,6055221.265868502
9054.101194113959,1853.629415087766,18657.6220187737,0.13,0.56,6165316.1979752015
9215.78157258028,1886.7299403572486,18990.79384053758,0.13,0.5700000000000001,6275411.130081901
9377.461951046542,1919.8304656266207,19323.96566230134,0.13,0.58,6385506.0621886
9539.14232951292,1952.9309908959872,19657.13748406521,0.13,0.59,6495600.994295301
9700.822707979358,1986.0315161656997,19990.309305828974,0.13,0.6,6605695.926402001
9862.50308644562,2019.1320414349555,20323.481127592735,0.13,0.61,6715790.8585087005
10024.183464911941,2052.2325667044383,20656.65294935661,0.13,0.62,6825885.790615401
10185.86384337832,2085.3330919738073,20989.82477112037,0.13,0.63,6935980.722722101
10347.544221844582,2118.4336172431795,21322.996592884363,0.13,0.64,7046075.654828802
10509.224600310903,2151.5341425126594,21656.168414648124,0.13,0.65,7156170.586935502
10670.904978777224,2184.6346677820316,21989.340236411772,0.13,0.66,7266265.519042201
10832.585357243603,2217.735193051628,22322.51205817576,0.13,0.67,7376360.451148902
10994.265735709923,2250.8357183208836,22655.68387993952,0.13,0.6799999999999999,7486455.383255601
11155.94611417607,2283.9362435903663,22988.855701703393,0.13,0.69,7596550.315362301
11317.626492642448,2317.036768859852,23322.027523467154,0.13,0.7,7706645.2474690005
11479.306871108769,2350.1372941292184,23655.19934523103,0.13,0.71,7816740.179575701
11640.98724957509,2383.2378193985905,23988.37116699479,0.13,0.72,7926835.111682401
11802.667628041469,2416.338344668073,24321.542988758556,0.13,0.73,8036930.043789101
11964.348006507847,2449.4388699374426,24654.714810522426,0.13,0.74,8147024.975895802
12126.02838497411,2482.539395207039,24987.88663228619,0.13,0.75,8257119.908002501
12287.708763440489,2515.639920476414,25321.058454050064,0.13,0.76,8367214.840109201
12449.38914190681,2548.7404457457774,25654.230275813825,0.13,0.77,8477309.772215901
12611.069520372956,2581.840971015266,25987.40209757759,0.13,0.78,8587404.704322603
12772.749898839393,2614.941496284632,26320.573919341576,0.13,0.79,8697499.636429302
12934.430277305713,2648.042021554115,26653.745741105224,0.13,0.8,8807594.568536002
13096.110655772092,2681.1425468233706,26986.91756286921,0.13,0.81,8917689.500642702
13257.791034238297,2714.243072092973,27320.089384632975,0.13,0.8200000000000001,9027784.432749402
13419.471412704792,2747.3435973624496,27653.261206396848,0.13,0.8300000000000001,9137879.364856102
13581.151791170938,2780.444122631819,27986.43302816061,0.13,0.8400000000000001,9247974.296962803
13742.832169637375,2813.5446479013017,28319.60484992437,0.13,0.8500000000000001,9358069.229069503
13904.512548103521,2846.6451731705574,28652.776671688247,0.13,0.86,9468164.161176201
14066.1929265699,2879.745698440046,28985.948493452008,0.13,0.87,9578259.0932829
14227.873305036337,2912.846223709523,29319.12031521588,0.13,0.88,9688354.025389602
14389.553683502658,2945.9467489787844,29652.292136979646,0.13,0.89,9798448.957496302
14551.23406196892,2979.0472742482643,29985.463958743407,0.13,0.9,9908543.889603002
8055.571134574886,1649.2022002237093,16599.969246196408,0.14,0.5,5485375.31613
8216.682557266322,1682.1862442282059,16931.968631120337,0.14,0.51,5595082.8224526
8377.793979957758,1715.1702882326006,17263.968016044153,0.14,0.52,5704790.3287752
8538.905402649369,1748.1543322369894,17595.967400968195,0.14,0.53,5814497.8350978
8700.016825340863,1781.1383762416083,17927.96678589213,0.14,0.54,5924205.341420401
8861.128248032357,1814.1224202461135,18259.966170815947,0.14,0.55,6033912.847743001
9022.23967072391,1847.106464250386,18591.965555739876,0.14,0.56,6143620.354065601
9183.351093415346,1880.0905082550019,18923.964940663805,0.14,0.5700000000000001,6253327.860388201
9344.462516106782,1913.07455225951,19255.96432558785,0.14,0.58,6363035.3667108
9505.573938798334,1946.0585962638988,19587.963710511784,0.14,0.59,6472742.8730334
9666.68536148977,1979.0426402682847,19919.963095435713,0.14,0.6,6582450.379356
9827.79678418138,2012.0266842729066,20251.962480359525,0.14,0.61,6692157.8856786005
9988.908206872817,2045.0107282774088,20583.961865283458,0.14,0.62,6801865.3920012005
10150.01962956431,2077.994772281684,20915.9612502075,0.14,0.63,6911572.8983238
10311.131052255922,2110.978816286306,21247.960635131432,0.14,0.64,7021280.4046464
10472.242474947358,2143.962860290805,21579.960020055252,0.14,0.65,7130987.910969
10633.353897638794,2176.946904295421,21911.95940497918,0.14,0.66,7240695.4172916
10794.465320330288,2209.9309482995886,22243.958789902994,0.14,0.67,7350402.9236142
10955.57674302184,2242.9149923042046,22575.958174827152,0.14,0.6799999999999999,7460110.429936799
11116.688165713334,2275.899036308707,22907.957559751085,0.14,0.69,7569817.9362594
11277.799588404887,2308.8830803130986,23239.956944675017,0.14,0.7,7679525.442582
11438.911011096323,2341.8671243176013,23571.956329598834,0.14,0.71,7789232.9489046
11600.022433787759,2374.8511683221063,23903.955714522763,0.14,0.72,7898940.4552272
11761.133856479311,2407.835212326725,24235.95509944669,0.14,0.73,8008647.9615498
11922.245279170806,2440.8192563311113,24567.95448437062,0.14,0.74,8118355.4678724
12083.3567018623,2473.803300335503,24899.953869294553,0.14,0.75,8228062.974195
12244.468124553794,2506.7873443400053,25231.953254218486,0.14,0.76,8337770.480517601
12405.579547245405,2539.771388344397,25563.9526391423,0.14,0.77,8447477.9868402
12566.690969936899,2572.7554323488994,25895.952024066457,0.14,0.78,8557185.4931628
12727.802392628335,2605.7394763534016,26227.951408990386,0.14,0.79,8666892.999485401
12888.913815319771,2638.7235203580176,26559.950793914206,0.14,0.8,8776600.505808001
13050.025238011207,2671.7075643624125,26891.950178838135,0.14,0.81,8886308.012130601
13211.136660702876,2704.691608366801,27223.949563762068,0.14,0.8200000000000001,8996015.518453201
13372.248083394312,2737.6756523713066,27555.94894868611,0.14,0.8300000000000001,9105723.024775801
13533.359506085922,2770.659696375695,27887.948333609922,0.14,0.8400000000000001,9215430.531098401
13694.470928777358,2803.643740380311,28219.947718533862,0.14,0.8500000000000001,9325138.037421001
13855.582351468853,2836.627784384706,28551.947103457675,0.14,0.86,9434845.543743601
14016.693774160347,2869.611828389319,28883.946488381607,0.14,0.87,9544553.050066201
14177.805196851783,2902.595872393708,29215.94587330576,0.14,0.88,9654260.556388801
14338.916619543335,2935.579916398216,29547.94525822969,0.14,0.89,9763968.0627114
14500.028042234771,2968.5639604026046,29879.944643153507,0.14,0.9,9873675.569034
8027.123345833737,1643.378136975976,16541.347404201908,0.15,0.5,5466004.026924999
8187.665812750405,1676.2456997155039,16872.17435228612,0.15,0.51,5575324.1074634995
8348.208279667073,1709.1132624551365,17203.001300369993,0.15,0.52,5684644.188002
8508.750746583857,1741.9808251946613,17533.828248453974,0.15,0.53,5793964.2685405
8669.293213500525,1774.8483879341832,17864.655196538195,0.15,0.54,5903284.349079
8829.835680417076,1807.7159506735975,18195.482144622176,0.15,0.55,6012604.4296175
8990.378147333686,1840.5835134131225,18526.30909270616,0.15,0.56,6121924.510156
9150.92061425047,1873.4510761526444,18857.136040790265,0.15,0.5700000000000001,6231244.5906945
9311.463081167254,1906.3186388922827,19187.962988874253,0.15,0.58,6340564.671232999
9472.005548083747,1939.1862016318105,19518.789936958234,0.15,0.59,6449884.751771499
9632.548015000415,1972.0537643713326,19849.61688504245,0.15,0.6,6559204.8323099995
9793.090481917083,2004.921327110744,20180.443833126432,0.15,0.61,6668524.9128485
9953.632948833809,2037.788889850493,20511.270781210416,0.15,0.62,6777844.993387
10114.175415750418,2070.6564525897847,20842.097729294517,0.15,0.63,6887165.073925499
10274.717882667144,2103.5240153293125,21172.924677378505,0.15,0.64,6996485.154463999
10435.260349583812,2136.391578068724,21503.75162546249,0.15,0.65,7105805.235002499
10595.802816500422,2169.259140808473,21834.57857354659,0.15,0.66,7215125.315540999
10756.345283417264,2202.1267035478845,22165.405521630804,0.15,0.67,7324445.396079499
10916.887750333874,2234.9942662874123,22496.23246971479,0.15,0.6799999999999999,7433765.476617998
11077.430217250483,2267.8618290270506,22827.059417798773,0.15,0.69,7543085.557156499
11237.972684167093,2300.7293917664592,23157.886365882874,0.15,0.7,7652405.637694999
11398.515151083877,2333.5969545058706,23488.713313966862,0.15,0.71,7761725.718233499
11559.057618000661,2366.4645172456194,23819.540262050847,0.15,0.72,7871045.798771999
11719.60008491727,2399.3320799850308,24150.367210134835,0.15,0.73,7980365.879310499
11880.14255183388,2432.1996427245526,24481.19415821893,0.15,0.74,8089685.959848999
12040.68501875049,2465.0672054640777,24812.021106302916,0.15,0.75,8199006.040387499
12201.227485667274,2497.9347682037132,25142.84805438713,0.15,0.76,8308326.120925999
12361.769952584058,2530.8023309430137,25473.67500247112,0.15,0.77,8417646.201464498
12522.31241950061,2563.6698936825387,25804.501950555103,0.15,0.78,8526966.282002999
12682.854886417219,2596.5374564220606,26135.328898639204,0.15,0.79,8636286.362541499
12843.397353333945,2629.4050191616993,26466.155846723184,0.15,0.8,8745606.443079999
13003.93982025067,2662.272581901227,26796.982794807172,0.15,0.81,8854926.523618499
13164.48228716728,2695.1401446407517,27127.80974289127,0.15,0.8200000000000001,8964246.604156999
13325.024754084006,2728.0077073803845,27458.636690975487,0.15,0.8300000000000001,9073566.684695499
13485.567221000616,2760.8752701199064,27789.463639059242,0.15,0.8400000000000001,9182886.765234
13646.109687917342,2793.7428328592073,28120.29058714346,0.15,0.8500000000000001,9292206.8457725
13806.65215483401,2826.6103955988456,28451.117535227444,0.15,0.86,9401526.926311
13967.194621750736,2859.4779583383674,28781.94448331154,0.15,0.87,9510847.0068495
14127.737088667403,2892.3455210778925,29112.771431395526,0.15,0.88,9620167.087388
14288.279555583955,2925.2130838173007,29443.598379479514,0.15,0.89,9729487.1679265
14448.822022500797,2958.0806465570554,29774.425327563727,0.15,0.9,9838807.248465
7998.675557092589,1637.5540737284757,16482.725562207408,0.16,0.5,5446632.73772
8158.64906823443,1670.3051552031307,16812.38007345179,0.16,0.51,5555565.3924744
8318.622579376213,1703.056236677675,17142.03458469583,0.16,0.52,5664498.0472288
8478.596090518171,1735.807318152112,17471.689095939986,0.16,0.53,5773430.701983199
8638.569601659954,1768.5583996266535,17801.343607184142,0.16,0.54,5882363.3567376
8798.543112801737,1801.3094811010844,18130.998118428408,0.16,0.55,5991296.011492
8958.516623943637,1834.0605625757426,18460.652629672564,0.16,0.56,6100228.6662464
9118.490135085594,1866.811644050287,18790.30714091672,0.16,0.5700000000000001,6209161.3210008005
9278.46364622732,1899.562725524945,19119.961652160757,0.16,0.58,6318093.975755199
9438.43715736916,1932.3138069994895,19449.616163404913,0.16,0.59,6427026.630509599
9598.410668511002,1965.0648884741445,19779.27067464907,0.16,0.6,6535959.285263999
9758.384179652901,1997.8159699486891,20108.925185893222,0.16,0.61,6644891.9400184
9918.357690794743,2030.5670514231201,20438.5796971375,0.16,0.62,6753824.5947728
10078.331201936526,2063.3181328976675,20768.234208381535,0.16,0.63,6862757.249527199
10238.304713078542,2096.0692143723254,21097.88871962569,0.16,0.64,6971689.904281599
10398.278224220325,2128.82029584687,21427.54323086984,0.16,0.65,7080622.559036
10558.251735362282,2161.571377321528,21757.197742114,0.16,0.66,7189555.2137904
10718.22524650395,2194.322458796072,22086.852253358044,0.16,0.67,7298487.8685448
10878.198757645965,2227.0735402707305,22416.506764602196,0.16,0.6799999999999999,7407420.523299199
11038.172268787806,2259.8246217451583,22746.16127584635,0.16,0.69,7516353.178053599
11198.145779929473,2292.575703219703,23075.815787090618,0.16,0.7,7625285.832807999
11358.119291071489,2325.326784694247,23405.470298334774,0.16,0.71,7734218.487562399
11518.092802213272,2358.0778661689055,23735.124809578814,0.16,0.72,7843151.1423168
11678.06631335523,2390.828947643453,24064.77932082297,0.16,0.73,7952083.797071199
11838.039824496896,2423.580029118111,24394.433832067352,0.16,0.74,8061016.451825599
11998.013335638912,2456.331110592655,24724.08834331128,0.16,0.75,8169949.106579999
12157.986846780754,2489.0821920673134,25053.74285455555,0.16,0.76,8278881.7613344
12317.960357922537,2521.8332735417443,25383.397365799705,0.16,0.77,8387814.4160888
12477.933869064378,2554.5843550162917,25713.051877043858,0.16,0.78,8496747.0708432
12637.907380206278,2587.335436490836,26042.706388288017,0.16,0.79,8605679.7255976
12797.880891348177,2620.086517965491,26372.360899532054,0.16,0.8,8714612.380352
12957.85440248996,2652.837599440036,26702.01541077621,0.16,0.81,8823545.0351064
13117.82791363186,2685.5886809146996,27031.66992202048,0.16,0.8200000000000001,8932477.6898608
13277.801424773701,2718.339762389241,27361.32443326463,0.16,0.8300000000000001,9041410.3446152
13437.774935915542,2751.0908438637857,27690.978944508675,0.16,0.8400000000000001,9150342.9993696
13597.748447057325,2783.8419253382167,28020.63345575283,0.16,0.8500000000000001,9259275.654124001
13757.721958199283,2816.5930068128746,28350.287966996984,0.16,0.86,9368208.3088784
13917.695469341066,2849.344088287419,28679.942478241137,0.16,0.87,9477140.9636328
14077.668980482966,2882.095169762077,29009.596989485406,0.16,0.88,9586073.6183872
14237.642491624749,2914.8462512366186,29339.251500729333,0.16,0.89,9695006.2731416
14397.616002766532,2947.5973327112765,29668.906011973602,0.16,0.9,9803938.927896
7970.227768351382,1631.7300104808587,16424.103720213134,0.17,0.5,5427261.448515
8129.632323718455,1664.3646106905364,16752.58579461757,0.17,0.51,5535806.6774853
8289.036879085412,1696.9992109001034,17081.06786902178,0.17,0.52,5644351.9064556
8448.441434452427,1729.633811109554,17409.549943425765,0.17,0.53,5752897.1354259
8607.845989819558,1762.2684113192345,17738.03201783032,0.17,0.54,5861442.3643962005
8767.250545186515,1794.9030115287985,18066.514092234414,0.17,0.55,5969987.5933665
8926.655100553588,1827.5376117385897,18394.99616663874,0.17,0.56,6078532.8223368
9086.059655920544,1860.1722119481567,18723.47824104295,0.17,0.5700000000000001,6187078.051307101
9245.464211287617,1892.8068121577207,19051.96031544716,0.17,0.58,6295623.280277399
9404.868766654632,1925.4414123673982,19380.442389851596,0.17,0.59,6404168.5092477
9564.273322021705,1958.0760125769625,19708.924464255804,0.17,0.6,6512713.738217999
9723.677877388662,1990.710612786646,20037.406538660016,0.17,0.61,6621258.9671883
9883.082432755735,2023.3452129960965,20365.888613064224,0.17,0.62,6729804.1961586
10042.48698812275,2055.979813205774,20694.370687468665,0.17,0.63,6838349.4251288995
10201.891543489648,2088.6144134154515,21022.852761872877,0.17,0.64,6946894.6540992
10361.29609885678,2121.2490136252427,21351.334836277085,0.17,0.65,7055439.8830695
10520.700654223852,2153.8836138346933,21679.816910681293,0.17,0.66,7163985.1120398
10680.10520959075,2186.5182140442575,22008.29898508562,0.17,0.67,7272530.3410101
10839.509764957824,2219.152814253938,22336.781059489836,0.17,0.6799999999999999,7381075.569980399
10998.914320324955,2251.787414463502,22665.263133894045,0.17,0.69,7489620.798950699
11158.318875691912,2284.4220146731795,22993.74520829848,0.17,0.7,7598166.027921
11317.723431058927,2317.05661488263,23322.22728270269,0.17,0.71,7706711.256891299
11477.127986425941,2349.6912150923076,23650.70935710701,0.17,0.72,7815256.485861599
11636.532541793073,2382.325815302099,23979.19143151111,0.17,0.73,7923801.7148319
11795.937097160087,2414.9604155117763,24307.673505915547,0.17,0.74,8032346.943802199
11955.341652527044,2447.595015721233,24636.15558031976,0.17,0.75,8140892.1727725
12114.746207894117,2480.229615930797,24964.637654724083,0.17,0.76,8249437.4017428
12274.150763261132,2512.8642161404746,25293.119729128295,0.17,0.77,8357982.6307131
12433.555318628205,2545.4988163500384,25621.601803532503,0.17,0.78,8466527.8596834
12592.95987399522,2578.1334165597164,25950.08387793694,0.17,0.79,8575073.0886537
12752.364429362176,2610.7680167691697,26278.565952340923,0.17,0.8,8683618.317624
12911.76898472925,2643.4026169790745,26607.048026745357,0.17,0.81,8792163.5465943
13071.17354009638,2676.0372171886415,26935.530101149572,0.17,0.8200000000000001,8900708.7755646
13230.578095463221,2708.671817398319,27264.012175553893,0.17,0.8300000000000001,9009254.0045349
13389.982650830294,2741.3064176077723,27592.49424995811,0.17,0.8400000000000001,9117799.2335052
13549.387206197425,2773.9410178173366,27920.976324362317,0.17,0.8500000000000001,9226344.462475501
13708.79176156444,2806.575618027014,28249.45839876664,0.17,0.86,9334889.6914458
13868.196316931397,2839.2102182365784,28577.940473170962,0.17,0.87,9443434.9204161
14027.600872298412,2871.844818446256,28906.422547575174,0.17,0.88,9551980.1493864
14187.005427665485,2904.4794186557124,29234.90462197939,0.17,0.89,9660525.378356699
14346.409983032616,2937.114018865617,29563.386696383823,0.17,0.9,9769070.607327
7941.779979610175,1625.9059472331312,16365.481878218863,0.18,0.5,5407890.15931
8100.615579202364,1658.4240661778256,16692.791515783127,0.18,0.51,5516047.962496201
8259.451178794552,1690.942185122642,17020.101153347503,0.18,0.52,5624205.7656824
8418.286778386799,1723.4603040672257,17347.41079091189,0.18,0.53,5732363.568868601
8577.122377978929,1755.9784230118123,17674.720428476154,0.18,0.54,5840521.3720548
8735.957977571234,1788.4965419563962,18002.03006604053,0.18,0.55,5948679.175241001
8894.793577163422,1821.0146609012127,18329.339703605023,0.18,0.56,6056836.978427201
9053.629176755669,1853.5327798459098,18656.649341169406,0.18,0.5700000000000001,6164994.781613401
9212.464776347915,1886.0508987904907,18983.958978733674,0.18,0.58,6273152.5847996
9371.300375940045,1918.5690177350803,19311.26861629805,0.18,0.59,6381310.387985799
9530.135975532292,1951.0871366798938,19638.57825386254,0.18,0.6,6489468.191172
9688.971575124364,1983.6052556244774,19965.887891426806,0.18,0.61,6597625.9943582
9847.807174716669,2016.1233745691748,20293.197528991303,0.18,0.62,6705783.7975444
10006.642774308857,2048.641493513764,20620.50716655557,0.18,0.63,6813941.6007306
10165.478373901104,2081.1596124585776,20947.816804119946,0.18,0.64,6922099.4039168
10324.313973493234,2113.6777314031588,21275.126441684442,0.18,0.65,7030257.207103
10483.149573085539,2146.195850347742,21602.436079248706,0.18,0.66,7138415.010289201
10641.985172677727,2178.713969292445,21929.745716813086,0.18,0.67,7246572.8134754
10800.820772269857,2211.2320882371423,22257.055354377466,0.18,0.6799999999999999,7354730.616661599
10959.656371862045,2243.7502071818426,22584.36499194196,0.18,0.69,7462888.419847799
11118.491971454408,2276.2683261264265,22911.674629506226,0.18,0.7,7571046.223033999
11277.32757104648,2308.786445071013,23238.98426707072,0.18,0.71,7679204.0262202
11436.16317063861,2341.3045640158234,23566.293904634982,0.18,0.72,7787361.829406399
11594.998770230857,2373.82268296041,23893.603542199366,0.18,0.73,7895519.6325926
11753.834369823104,2406.3408019051103,24220.913179763855,0.18,0.74,8003677.4357787995
11912.66996941535,2438.858920849697,24548.22281732824,0.18,0.75,8111835.238965
12071.50556900748,2471.3770397945077,24875.532454892502,0.18,0.76,8219993.042151201
12230.341168599844,2503.8951587390943,25202.84209245688,0.18,0.77,8328150.8453374
12389.176768191915,2536.4132776836777,25530.15173002115,0.18,0.78,8436308.6485236
12548.01236778422,2568.931396628378,25857.461367585638,0.18,0.79,8544466.451709801
12706.847967376292,2601.449515573075,26184.771005150134,0.18,0.8,8652624.254896
12865.68356696848,2633.9676345177727,26512.080642714398,0.18,0.81,8760782.0580822
13024.519166560669,2666.4857534624757,26839.390280278778,0.18,0.8200000000000001,8868939.861268401
13183.354766152916,2699.0038724071755,27166.699917843045,0.18,0.8300000000000001,8977097.664454602
13342.190365745162,2731.5219913519863,27494.009555407538,0.18,0.8400000000000001,9085255.4676408
13501.02596533735,2764.040110296567,27821.319192971918,0.18,0.8500000000000001,9193413.270827001
13659.861564929597,2796.558229241157,28148.628830536294,0.18,0.86,9301571.0740132
13818.697164521785,2829.0763481857402,28475.938468100565,0.18,0.87,9409728.8771994
13977.532764113974,2861.5944671305538,28803.248105665058,0.18,0.88,9517886.6803856
14136.368363706104,2894.112586075257,29130.557743229434,0.18,0.89,9626044.4835718
14295.203963298467,2926.6307050198407,29457.867380793814,0.18,0.9,9734202.286758
7913.332190869027,1620.0818839857386,16306.860036224361,0.19,0.5,5388518.870105
8071.598834686389,1652.483521665234,16632.997236948795,0.19,0.51,5496289.2475071
8229.865478503867,1684.8851593449538,16959.134437673234,0.19,0.52,5604059.624909201
8388.132122321229,1717.2867970247812,17285.271638397666,0.19,0.53,5711830.0023113005
8546.398766138533,1749.6884347043904,17611.408839122218,0.19,0.54,5819600.3797134
8704.665409956011,1782.09007238411,17937.546039846762,0.19,0.55,5927370.757115501
8862.932053773373,1814.4917100638327,18263.683240571427,0.19,0.56,6035141.134517601
9021.198697590735,1846.8933477435496,18589.820441295862,0.19,0.5700000000000001,6142911.511919701
9179.465341408155,1879.2949854233798,18915.957642020297,0.19,0.58,6250681.889321799
9337.731985225459,1911.696623102992,19242.094842744733,0.19,0.59,6358452.2667239
9495.99862904282,1944.0982607827086,19568.232043469165,0.19,0.6,6466222.644126
9654.265272860299,1976.4998984624256,19894.369244193604,0.19,0.61,6573993.0215281
9812.53191667766,2008.9015361421482,20220.50644491815,0.19,0.62,6681763.3989302
9970.79856049508,2041.303173821865,20546.6436456427,0.19,0.63,6789533.7763323
10129.065204312443,2073.7048115015846,20872.78084636713,0.19,0.64,6897304.153734401
10287.331848129805,2106.1064491813045,21198.918047091567,0.19,0.65,7005074.531136501
10445.598491947167,2138.508086861027,21525.05524781623,0.19,0.66,7112844.9085386
10603.865135764529,2170.9097245407465,21851.192448540547,0.19,0.67,7220615.285940701
10762.13177958189,2203.3113622204605,22177.329649265102,0.19,0.6799999999999999,7328385.6633428
10920.398423399252,2235.712999900183,22503.466849989538,0.19,0.69,7436156.0407449
11078.665067216672,2268.114637579903,22829.604050714086,0.19,0.7,7543926.418147
11236.931711034093,2300.5162752593956,23155.741251438518,0.19,0.71,7651696.7955491
11395.198354851396,2332.9179129393397,23481.87845216307,0.19,0.72,7759467.1729512
11553.464998668758,2365.319550619059,23808.0156528875,0.19,0.73,7867237.5503533
11711.731642486178,2397.721188298552,24134.152853612166,0.19,0.74,7975007.927755401
11869.998286303598,2430.1228259784957,24460.2900543366,0.19,0.75,8082778.3051575
12028.264930120844,2462.5244636579882,24786.427255061037,0.19,0.76,8190548.6825596
12186.531573938322,2494.9261013378245,25112.564455785585,0.19,0.77,8298319.059961701
12344.798217755742,2527.3277390175444,25438.701656510017,0.19,0.78,8406089.437363802
12503.064861573046,2559.7293766971507,25764.838857234456,0.19,0.79,8513859.8147659
12661.331505390524,2592.131014376984,26090.976057959,0.19,0.8,8621630.192168001
12819.598149207828,2624.5326520565873,26417.113258683552,0.19,0.81,8729400.569570102
12977.86479302519,2656.93428973631,26743.250459407984,0.19,0.8200000000000001,8837170.9469722
13136.13143684261,2689.33592741614,27069.38766013242,0.19,0.8300000000000001,8944941.324374301
13294.39808066003,2721.7375650957433,27395.524860856855,0.19,0.8400000000000001,9052711.701776402
13452.664724477392,2754.1392027755824,27721.66206158152,0.19,0.8500000000000001,9160482.0791785
13610.931368294754,2786.5408404551827,28047.799262305725,0.19,0.86,9268252.4565806
13769.198012112116,2818.9424781349053,28373.936463030386,0.19,0.87,9376022.8339827
13927.464655929478,2851.3441158147384,28700.073663754825,0.19,0.88,9483793.211384801
14085.73129974684,2883.745753494342,29026.210864479483,0.19,0.89,9591563.5887869
14243.99794356426,2916.147391174062,29352.348065203918,0.19,0.9,9699333.966189
7884.884402127878,1614.257820738011,16248.23819422986,0.2,0.5,5369147.5809
8042.582090170414,1646.5429771526399,16573.202958114576,0.2,0.51,5476530.532518
8200.27977821295,1678.8281335674897,16898.167721999187,0.2,0.52,5583913.484136
8357.977466255426,1711.1132899821184,17223.132485883674,0.2,0.53,5691296.435754001
8515.675154298136,1743.3984463969684,17548.09724976828,0.2,0.54,5798679.387372001
8673.372842340614,1775.6836028117107,17873.062013652994,0.2,0.55,5906062.338990001
8831.070530383324,1807.9687592265634,18198.026777537598,0.2,0.56,6013445.290608001
8988.76821842586,1840.2539156411892,18522.991541422092,0.2,0.5700000000000001,6120828.242226001
9146.465906468336,1872.5390720560479,18847.95630530681,0.2,0.58,6228211.193844
9304.163594510872,1904.824228470668,19172.9210691913,0.2,0.59,6335594.145462
9461.861282553407,1937.1093848856342,19497.885833075903,0.2,0.6,6442977.097080001
9619.558970595885,1969.394541300266,19822.850596960507,0.2,0.61,6550360.048698001
9777.256658638536,2001.6796977151187,20147.815360845223,0.2,0.62,6657743.000316001
9934.95434668113,2033.9648541297445,20472.780124729714,0.2,0.63,6765125.9519340005
10092.652034723666,2066.2500105445915,20797.74488861432,0.2,0.64,6872508.903552
10250.349722766317,2098.5351669592233,21122.709652499037,0.2,0.65,6979891.85517
10408.047410808795,2130.8203233741924,21447.67441638364,0.2,0.66,7087274.806788001
10565.745098851447,2163.1054797888155,21772.639180268132,0.2,0.67,7194657.758406001
10723.442786893924,2195.390636203671,22097.603944152735,0.2,0.6799999999999999,7302040.710024
10881.140474936401,2227.675792618294,22422.568708037223,0.2,0.69,7409423.661642
11038.838162978995,2259.9609490331495,22747.533471921943,0.2,0.7,7516806.61326
11196.535851021588,2292.2461054477753,23072.498235806546,0.2,0.71,7624189.564878
11354.233539064124,2324.5312618627418,23397.46299969126,0.2,0.72,7731572.516496
11511.931227106601,2356.8164182773676,23722.427763575753,0.2,0.73,7838955.468114001
11669.628915149195,2389.1015746922203,24047.392527460357,0.2,0.74,7946338.419732001
11827.326603191905,2421.3867311068493,24372.357291344964,0.2,0.75,8053721.371350001
11985.02429123444,2453.671887521705,24697.322055229684,0.2,0.76,8161104.322968001
12142.72197927686,2485.957043936555,25022.286819114175,0.2,0.77,8268487.2745860005
12300.419667319453,2518.242200351297,25347.251582998662,0.2,0.78,8375870.226204001
12458.117355362047,2550.52735676592,25672.216346883266,0.2,0.79,8483253.177822001
12615.815043404524,2582.8125131807756,25997.18111076787,0.2,0.8,8590636.12944
12773.512731447234,2615.0976695954014,26322.145874652586,0.2,0.81,8698019.081058001
12931.210419489711,2647.3828260102546,26647.11063853719,0.2,0.8200000000000001,8805402.032676002
13088.908107532247,2679.6679824249936,26972.07540242168,0.2,0.8300000000000001,8912784.984294001
13246.605795574898,2711.953138839847,27297.040166306397,0.2,0.8400000000000001,9020167.935912002
13404.303483617434,2744.2382952544726,27622.004930191,0.2,0.8500000000000001,9127550.88753
13562.001171660086,2776.5234516693313,27946.969694075608,0.2,0.86,9234933.839148
13719.698859702505,2808.808608083951,28271.9344579601,0.2,0.87,9342316.790766
13877.39654774504,2841.09376449881,28596.89922184459,0.2,0.88,9449699.742384002
14035.094235787634,2873.3789209135434,28921.86398572931,0.2,0.89,9557082.694002
14192.79192383017,2905.664077328402,29246.828749613913,0.2,0.9,9664465.645620001
7856.43661338673,1608.4337574904,16189.616352235476,0.21,0.5,5349776.291695
8013.5653456543805,1640.602432640156,16513.40867928025,0.21,0.51,5456771.8175289
8170.694077922206,1672.7711077900342,16837.201006324907,0.21,0.52,5563767.3433628
8327.822810189973,1704.9397829397874,17160.99333336968,0.21,0.53,5670762.8691967
8484.951542457682,1737.1084580896656,17484.78566041434,0.21,0.54,5777758.3950306
8642.080274725333,1769.2771332392006,17808.57798745923,0.21,0.55,5884753.9208645
8799.209006992984,1801.4458083891864,18132.37031450366,0.21,0.56,5991749.4466984
8956.337739260809,1833.614483539059,18456.162641548548,0.21,0.5700000000000001,6098744.9725323
9113.466471528576,1865.7831586888149,18779.954968593207,0.21,0.58,6205740.498366199
9270.595203796285,1897.9518338386931,19103.747295637862,0.21,0.59,6312736.0242000995
9427.723936064052,1930.120508988452,19427.539622682638,0.21,0.6,6419731.550034
9584.852668331761,1962.2891841382168,19751.331949727413,0.21,0.61,6526727.0758679
9741.981400599529,1994.4578592880864,20075.124276772185,0.21,0.62,6633722.6017018
9899.11013286718,2026.6265344377348,20398.916603816844,0.21,0.63,6740718.1275357
10056.238865134947,2058.7952095876044,20722.708930861503,0.21,0.64,6847713.6533696
10213.367597402772,2090.9638847374827,21046.501257906162,0.21,0.65,6954709.1792035
10370.496329670423,2123.1325598872413,21370.293584950825,0.21,0.66,7061704.7050374
10527.625061938132,2155.30123503723,21694.085911995597,0.21,0.67,7168700.2308713
10684.753794205899,2187.4699101868755,22017.87823904037,0.21,0.6799999999999999,7275695.756705198
10841.882526473666,2219.6385853366346,22341.670566085144,0.21,0.69,7382691.2825390985
10999.011258741375,2251.8072604866234,22665.4628931298,0.21,0.7,7489686.808372999
11156.139991009142,2283.9759356361583,22989.25522017446,0.21,0.71,7596682.334206899
11313.268723276793,2316.144610786028,23313.04754721912,0.21,0.72,7703677.860040799
11470.39745554456,2348.3132859360194,23636.839874263896,0.21,0.73,7810673.385874699
11627.52618781227,2380.4819610857785,23960.632201308556,0.21,0.74,7917668.911708599
11784.654920080036,2412.650636235654,24284.42452835321,0.21,0.75,8024664.4375425
11941.783652347745,2444.8193113854127,24608.216855398103,0.21,0.76,8131659.9633764
12098.91238461557,2476.987986535172,24932.009182442758,0.21,0.77,8238655.4892103
12256.041116883338,2509.156661685044,25255.801509487417,0.21,0.78,8345651.0150442
12413.169849151047,2541.325336834806,25579.593836532076,0.21,0.79,8452646.5408781
12570.298581418698,2573.494011984565,25903.386163576968,0.21,0.8,8559642.066712
12727.427313686348,2605.6626871344374,26227.17849062163,0.21,0.81,8666637.5925459
12884.556045954116,2637.831362284202,26550.97081766617,0.21,0.8200000000000001,8773633.1183798
13041.684778222,2670.0000374340716,26874.763144711054,0.21,0.8300000000000001,8880628.6442137
13198.813510489708,2702.1687125838366,27198.55547175583,0.21,0.8400000000000001,8987624.1700476
13355.942242757359,2734.3373877335953,27522.347798800376,0.21,0.8500000000000001,9094619.6958815
13513.070975025126,2766.5060628834676,27846.140125845035,0.21,0.86,9201615.2217154
13670.199707292835,2798.6747380332295,28169.932452889927,0.21,0.87,9308610.7475493
13827.328439560602,2830.8434131829913,28493.724779934582,0.21,0.88,9415606.2733832
13984.457171828311,2863.012088332861,28817.517106979354,0.21,0.89,9522601.7992171
14141.585904096079,2895.180763482626,29141.309434024126,0.21,0.9,9629597.325051
7827.988824645581,1602.6096942428937,16130.994510241087,0.22,0.5,5330405.00249
7984.5486011384055,1634.6618881275617,16453.61440044603,0.22,0.51,5437013.1025398
8141.108377631288,1666.7140820123402,16776.234290650747,0.22,0.52,5543621.2025896
8297.668154124229,1698.7662758973486,17098.854180855575,0.22,0.53,5650229.302639401
8454.227930617228,1730.8184697822464,17421.47407106029,0.22,0.54,5756837.4026892
8610.787707110052,1762.8706636669087,17744.09396126535,0.22,0.55,5863445.502739
8767.347483602935,1794.922857551917,18066.71385146995,0.22,0.56,5970053.6027888
8923.907260095992,1826.975051436815,18389.333741675004,0.22,0.5700000000000001,6076661.702838601
9080.467036588816,1859.0272453215935,18711.953631879718,0.22,0.58,6183269.802888399
9237.026813081757,1891.0794392064886,19034.57352208455,0.22,0.59,6289877.902938199
9393.58658957464,1923.13163309127,19357.19341228926,0.22,0.6,6396486.0029879995
9550.146366067522,1955.183826976162,19679.813302494204,0.22,0.61,6503094.1030378
9706.706142560404,1987.2360208611733,20002.433192699034,0.22,0.62,6609702.2030876
9863.265919053345,2019.2882147458354,20325.053082903974,0.22,0.63,6716310.3031374
10019.825695546344,2051.340408630617,20647.672973108693,0.22,0.64,6822918.4031872
10176.385472039226,2083.3926025156284,20970.29286331352,0.22,0.65,6929526.503237
10332.945248532167,2115.444796400523,21292.91275351823,0.22,0.66,7036134.6032868
10489.505025024991,2147.4969902851853,21615.532643723178,0.22,0.67,7142742.7033366
10646.064801517932,2179.549184170197,21938.152533927892,0.22,0.6799999999999999,7249350.8033863995
10802.624578010815,2211.6013780549783,22260.772424132723,0.22,0.69,7355958.903436199
10959.184354503755,2243.6535719398703,22583.392314337547,0.22,0.7,7462567.003485999
11115.744130996696,2275.7057658245412,22906.012204542374,0.22,0.71,7569175.103535799
11272.303907489579,2307.7579597095437,23228.632094747318,0.22,0.72,7675783.2035856
11428.863683982345,2339.810153594325,23551.251984952032,0.22,0.73,7782391.3036354
11585.423460475344,2371.8623474793367,23873.871875156856,0.22,0.74,7888999.4036852
11741.983236968343,2403.914541364112,24196.491765361578,0.22,0.75,7995607.503735
11898.543013461167,2435.9667352488937,24519.11165556663,0.22,0.76,8102215.6037848
12055.102789954108,2468.0189291337915,24841.73154577135,0.22,0.77,8208823.7038346
12211.662566446932,2500.071123018797,25164.351435976292,0.22,0.78,8315431.8038844
12368.222342939931,2532.123316903465,25486.971326181003,0.22,0.79,8422039.9039342
12524.782119432813,2564.1755107884733,25809.59121638583,0.22,0.8,8528648.003984
12681.341895925696,2596.227704673252,26132.211106590777,0.22,0.81,8635256.1040338
12837.901672418695,2628.27989855815,26454.830996795492,0.22,0.8200000000000001,8741864.204083601
12994.461448911636,2660.3320924429254,26777.45088700032,0.22,0.8300000000000001,8848472.3041334
13151.021225404402,2692.3842863278205,27100.070777205037,0.22,0.8400000000000001,8955080.404183201
13307.5810018974,2724.4364802126047,27422.690667409977,0.22,0.8500000000000001,9061688.504233
13464.140778390283,2756.488674097613,27745.31055761469,0.22,0.86,9168296.6042828
13620.700554883166,2788.540867982278,28067.930447819515,0.22,0.87,9274904.7043326
13777.260331376165,2820.593061867173,28390.550338024463,0.22,0.88,9381512.8043824
13933.820107869105,2852.645255752179,28713.17022822929,0.22,0.89,9488120.9044322
14090.379884361872,2884.6974496369603,29035.790118434004,0.22,0.9,9594729.004482
7799.541035904433,1596.7856309950528,16072.372668246817,0.23,0.5,5311033.713285
7955.5318566224305,1628.7213436149673,16393.8201216117,0.23,0.51,5417254.3875507
8111.522677340545,1660.6570562348847,16715.267574976697,0.23,0.52,5523475.0618164
8267.5134980586,1692.59276885491,17036.715028341354,0.23,0.53,5629695.7360821
8423.504318776715,1724.5284814745946,17358.162481706466,0.23,0.54,5735916.410347801
8579.49513949483,1756.4641940945091,17679.609935071352,0.23,0.55,5842137.0846135
8735.485960212885,1788.399906714537,18001.05738843635,0.23,0.56,5948357.758879201
8891.476780930941,1820.3356193344575,18322.504841801234,0.23,0.5700000000000001,6054578.433144901
9047.467601649056,1852.2713319543723,18643.95229516612,0.23,0.58,6160799.1074105995
9203.45842236717,1884.2070445742838,18965.399748531112,0.23,0.59,6267019.7816763
9359.449243085168,1916.1427571941954,19286.847201896002,0.23,0.6,6373240.455942
9515.440063803282,1948.0784698142265,19608.29465526088,0.23,0.61,6479461.1302077
9671.430884521396,1980.014182433914,19929.742108625996,0.23,0.62,6585681.8044734
9827.421705239569,2011.949895053715,20251.18956199088,0.23,0.63,6691902.4787391005
9983.412525957567,2043.8856076736297,20572.637015355875,0.23,0.64,6798123.1530048
10139.403346675681,2075.8213202936577,20894.08446872076,0.23,0.65,6904343.8272705
10295.394167393795,2107.757032913575,21215.531922085644,0.23,0.66,7010564.501536201
10451.384988111793,2139.69274553349,21536.979375450643,0.23,0.67,7116785.1758019
10607.375808829907,2171.628458153404,21858.426828815525,0.23,0.6799999999999999,7223005.8500676
10763.366629547963,2203.564170773313,22179.874282180408,0.23,0.69,7329226.524333299
10919.35745026602,2235.499883393347,22501.321735545403,0.23,0.7,7435447.1985989995
11075.348270984134,2267.4355960130342,22822.769188910403,0.23,0.71,7541667.8728647
11231.339091702248,2299.3713086328326,23144.216642275172,0.23,0.72,7647888.547130399
11387.329912420362,2331.3070212527473,23465.664095640284,0.23,0.73,7754109.2213961
11543.320733138535,2363.2427338726616,23787.111549005167,0.23,0.74,7860329.8956618
11699.311553856533,2395.1784464926955,24108.55900237017,0.23,0.75,7966550.569927501
11855.302374574589,2427.114159112607,24430.006455735052,0.23,0.76,8072771.2441932
12011.293195292703,2459.049871732519,24751.453909099935,0.23,0.77,8178991.9184589
12167.2840160107,2490.9855843524333,25072.901362465047,0.23,0.78,8285212.592724601
12323.274836728873,2522.9212969722375,25394.34881582982,0.23,0.79,8391433.2669903
12479.26565744693,2554.857009592152,25715.796269194703,0.23,0.8,8497653.941256
12635.256478165102,2586.7927222120666,26037.243722559815,0.23,0.81,8603874.615521701
12791.247298883216,2618.7284348320945,26358.6911759247,0.23,0.8200000000000001,8710095.2897874
12947.238119601214,2650.6641474520093,26680.138629289697,0.23,0.8300000000000001,8816315.9640531
13103.228940319328,2682.5998600719267,27001.586082654354,0.23,0.8400000000000001,8922536.638318801
13259.219761037326,2714.535572691728,27323.033536019466,0.23,0.8500000000000001,9028757.3125845
13415.21058175544,2746.4712853116366,27644.480989384458,0.23,0.86,9134977.9868502
13571.201402473554,2778.406997931551,27965.928442749344,0.23,0.87,9241198.6611159
13727.192223191727,2810.342710551352,28287.37589611423,0.23,0.88,9347419.335381601
13883.183043909725,2842.2784231712726,28608.823349479342,0.23,0.89,9453640.0096473
14039.173864627955,2874.214135791184,28930.270802844225,0.23,0.9,9559860.683913
7771.093247163226,1590.9615677474387,16013.750826252315,0.24,0.5,5291662.42408
7926.5151121064555,1622.780799102373,16334.025842777484,0.24,0.51,5397495.672561601
8081.936977049685,1654.6000304573072,16654.300859302417,0.24,0.52,5503328.9210432
8237.358841993031,1686.4192618123548,16974.57587582748,0.24,0.53,5609162.169524801
8392.78070693626,1718.2384931671754,17294.850892352526,0.24,0.54,5714995.418006401
8548.20257187949,1750.057724522226,17615.125908877468,0.24,0.55,5820828.666488001
8703.62443682272,1781.8769558770466,17935.400925402522,0.24,0.56,5926661.914969601
8859.04630176595,1813.6961872320944,18255.67594192769,0.24,0.5700000000000001,6032495.163451201
9014.468166709412,1845.5154185870344,18575.95095845263,0.24,0.58,6138328.4119328
9169.890031652583,1877.334649942082,18896.22597497779,0.24,0.59,6244161.6604144
9325.311896595871,1909.1538812969027,19216.500991502733,0.24,0.6,6349994.908896
9480.733761538984,1940.9731126519505,19536.776008027788,0.24,0.61,6455828.1573776
9636.155626482388,1972.7923440067711,19857.05102455273,0.24,0.62,6561661.4058592
9791.577491425676,2004.6115753618187,20177.326041077893,0.24,0.63,6667494.654340801
9946.99935636879,2036.4308067167558,20497.601057603064,0.24,0.64,6773327.9028224
10102.421221312135,2068.25003807169,20817.876074128,0.24,0.65,6879161.151304001
10257.843086255307,2100.069269426624,21138.151090653053,0.24,0.66,6984994.399785601
10413.264951198595,2131.8885007816716,21458.42610717822,0.24,0.67,7090827.648267201
10568.686816141882,2163.7077321364923,21778.70112370316,0.24,0.6799999999999999,7196660.8967488
10724.10868108517,2195.5269634915458,22098.97614022833,0.24,0.69,7302494.145230399
10879.530546028458,2227.3461948463664,22419.25115675338,0.24,0.7,7408327.393712
11034.952410971746,2259.1654262014144,22739.526173278315,0.24,0.71,7514160.6421936
11190.374275914975,2290.9846575563515,23059.801189803486,0.24,0.72,7619993.8906752
11345.796140858263,2322.803888911399,23380.076206328427,0.24,0.73,7725827.1391568
11501.218005801493,2354.6231202662198,23700.351222853587,0.24,0.74,7831660.3876384
11656.639870744722,2386.4423516212673,24020.626239378533,0.24,0.75,7937493.636120001
11812.061735688127,2418.261582976088,24340.901255903587,0.24,0.76,8043326.8846016005
11967.483600631298,2450.0808143311388,24661.176272428525,0.24,0.77,8149160.133083201
12122.905465574528,2481.9000456861863,24981.45128895369,0.24,0.78,8254993.381564801
12278.327330517815,2513.7192770412366,25301.72630547886,0.24,0.79,8360826.630046401
12433.749195461161,2545.5385083960605,25622.0013220038,0.24,0.8,8466659.878528
12589.171060404391,2577.357739751108,25942.276338528736,0.24,0.81,8572493.1270096
12744.592925347679,2609.1769711060424,26262.55135505379,0.24,0.8200000000000001,8678326.375491202
12900.014790290908,2640.996202460863,26582.826371578958,0.24,0.8300000000000001,8784159.623972801
13055.436655234138,2672.8154338159106,26903.101388103896,0.24,0.8400000000000001,8889992.872454401
13210.858520177484,2704.634665170958,27223.376404628834,0.24,0.8500000000000001,8995826.120936
13366.280385120772,2736.453896525782,27543.651421154005,0.24,0.86,9101659.3694176
13521.702250063943,2768.2731278806027,27863.926437679056,0.24,0.87,9207492.6178992
13677.124115007173,2800.0923592356503,28184.20145420411,0.24,0.88,9313325.866380801
13832.545979950402,2831.911590590698,28504.476470729045,0.24,0.89,9419159.114862401
13987.967844893748,2863.7308219456377,28824.7514872541,0.24,0.9,9524992.363344
7742.645458421961,1585.1375044999324,15955.128984257817,0.25,0.5,5272291.1348749995
7897.498367590364,1616.8402545898864,16274.231563943042,0.25,0.51,5377736.957572499
8052.351276759,1648.543004679843,16593.33414362837,0.25,0.52,5483182.78027
8207.204185927345,1680.2457547699103,16912.436723313484,0.25,0.53,5588628.6029675
8362.057095095806,1711.948504859867,17231.53930299848,0.25,0.54,5694074.4256649995
8516.91000426421,1743.6512549498266,17550.641882683813,0.25,0.55,5799520.2483625
8671.762913432729,1775.3540050398938,17869.744462368926,0.25,0.56,5904966.07106
8826.615822601016,1807.056755129964,18188.847042054145,0.25,0.5700000000000001,6010411.8937575
8981.468731769535,1838.7595052199179,18507.949621739248,0.25,0.58,6115857.716454999
9136.321640937997,1870.4622553098745,18827.05220142425,0.25,0.59,6221303.539152499
9291.1745501064,1902.1650053998283,19146.15478110936,0.25,0.6,6326749.361849999
9446.027459274861,1933.867755489785,19465.257360794578,0.25,0.61,6432195.184547499
9600.880368443206,1965.5705055798521,19784.359940479688,0.25,0.62,6537641.0072449995
9755.733277611667,1997.2732556698118,20103.462520165027,0.25,0.63,6643086.829942499
9910.586186780129,2028.9760057598792,20422.56509985013,0.25,0.64,6748532.65264
10065.439095948648,2060.678755849836,20741.667679535127,0.25,0.65,6853978.4753375
10220.292005117051,2092.3815059397893,21060.770259220462,0.25,0.66,6959424.2980349995
10375.14491428557,2124.084256029746,21379.872838905685,0.25,0.67,7064870.1207325
10529.997823454032,2155.787006119927,21698.97541859079,0.25,0.6799999999999999,7170315.943429999
10684.850732622377,2187.4897562098836,22018.0779982759,0.25,0.69,7275761.766127499
10839.703641790838,2219.1925062998375,22337.180577961128,0.25,0.7,7381207.588824999
10994.5565509593,2250.895256389794,22656.283157646234,0.25,0.71,7486653.411522499
11149.409460127703,2282.5980064799805,22975.385737331457,0.25,0.72,7592099.234219999
11304.262369296222,2314.3007565699345,23294.488317016563,0.25,0.73,7697545.056917499
11459.115278464567,2346.003506659891,23613.590896701895,0.25,0.74,7802990.8796149995
11613.968187633029,2377.706256749845,23932.693476387012,0.25,0.75,7908436.702312499
11768.821096801432,2409.409006839802,24251.796056072002,0.25,0.76,8013882.525009999
11923.674005969951,2441.1117569297553,24570.898635757225,0.25,0.77,8119328.3477075
12078.526915138471,2472.814507019712,24890.001215442335,0.25,0.78,8224774.1704049995
12233.379824306816,2504.5172571098988,25209.10379512744,0.25,0.79,8330219.993102499
12388.232733475219,2536.2200071998523,25528.206374812664,0.25,0.8,8435665.8158
12543.085642643622,2567.922757289809,25847.308954497774,0.25,0.81,8541111.6384975
12697.938551812142,2599.62550737976,26166.411534182997,0.25,0.8200000000000001,8646557.461195
12852.791460980603,2631.3282574698273,26485.514113868107,0.25,0.8300000000000001,8752003.2838925
13007.644370148948,2663.0310075598977,26804.616693553216,0.25,0.8400000000000001,8857449.10659
13162.49727931741,2694.733757649851,27123.71927323855,0.25,0.8500000000000001,8962894.9292875
13317.35018848587,2726.436507739805,27442.821852923767,0.25,0.86,9068340.751984999
13472.203097654332,2758.139257829875,27761.924432608765,0.25,0.87,9173786.574682498
13627.056006822735,2789.842007919835,28081.02701229387,0.25,0.88,9279232.39738
13781.908915991255,2821.5447580097884,28400.12959197921,0.25,0.89,9384678.2200775
13936.7618251596,2853.247508099859,28719.23217166432,0.25,0.9,9490124.042775
7714.197669680812,1579.3134412522052,15896.507142263428,0.26,0.5,5252919.84567
7868.481623074447,1610.899710077292,16214.43728510871,0.26,0.51,5357978.2425834
8022.765576468082,1642.4859789023876,16532.36742795399,0.26,0.52,5463036.6394968
8177.049529861542,1674.072247727361,16850.297570799263,0.26,0.53,5568095.0364102
8331.333483255352,1705.6585165524507,17168.227713644654,0.26,0.54,5673153.4333236
8485.617436648929,1737.2447853774213,17486.15785648982,0.26,0.55,5778211.830237
8639.901390042505,1768.8310542026304,17804.08799933521,0.26,0.56,5883270.2271504
8794.18534343614,1800.4173230276037,18122.018142180375,0.26,0.5700000000000001,5988328.6240638
8948.469296829717,1832.00359185258,18439.948285025766,0.26,0.58,6093387.020977199
9102.753250223352,1863.5898606776698,18757.87842787104,0.26,0.59,6198445.417890599
9257.037203617103,1895.1761295028732,19075.808570716323,0.26,0.6,6303503.814804
9411.321157010505,1926.762398327733,19393.738713561488,0.26,0.61,6408562.2117174
9565.605110404256,1958.3486671528228,19711.668856406763,0.26,0.62,6513620.6086308
9719.889063797891,1989.9349359779126,20029.598999252037,0.26,0.63,6618679.0055442
9874.173017191526,2021.5212048028918,20347.52914209732,0.26,0.64,6723737.4024575995
10028.45697058516,2053.1074736279816,20665.459284942597,0.26,0.65,6828795.799370999
10182.74092397868,2084.6937424530715,20983.389427787875,0.26,0.66,6933854.1962844
10337.024877372372,2116.280011277934,21301.31957063304,0.26,0.67,7038912.5931978
10491.308830766066,2147.8662801031314,21619.249713478435,0.26,0.6799999999999999,7143970.990111199
10645.592784159526,2179.452548928224,21937.179856323597,0.26,0.69,7249029.387024599
10799.876737553102,2211.038817753087,22255.10999916887,0.26,0.7,7354087.783937999
10954.160690946737,2242.6250865781767,22573.040142014146,0.26,0.71,7459146.180851399
11108.44464434043,2274.211355403383,22890.970284859537,0.26,0.72,7564204.577764799
11262.728597734007,2305.7976242283594,23208.900427704706,0.26,0.73,7669262.9746782
11417.012551127584,2337.3838930533298,23526.830570550093,0.26,0.74,7774321.3715916
11571.296504521335,2368.9701618784197,23844.76071339526,0.26,0.75,7879379.768505
11725.580457914912,2400.5564307035092,24162.69085624065,0.26,0.76,7984438.1654183995
11879.864411308488,2432.142699528602,24480.620999085928,0.26,0.77,8089496.562331799
12034.148364702123,2463.728968353465,24798.551141931202,0.26,0.78,8194554.9592452
12188.4323180957,2495.3152371786655,25116.48128477648,0.26,0.79,8299613.3561586
12342.716271489393,2526.901506003755,25434.411427621646,0.26,0.8,8404671.753072
12497.00022488297,2558.487774828618,25752.34157046692,0.26,0.81,8509730.149985401
12651.284178276546,2590.0740436537076,26070.2717133122,0.26,0.8200000000000001,8614788.5468988
12805.56813167024,2621.660312478795,26388.20185615748,0.26,0.8300000000000001,8719846.9438122
12959.852085063816,2653.246581303771,26706.131999002755,0.26,0.8400000000000001,8824905.3407256
13114.136038457451,2684.832850128864,27024.062141847924,0.26,0.8500000000000001,8929963.737639
13268.419991851028,2716.4191189537264,27341.992284693315,0.26,0.86,9035022.134552399
13422.70394524472,2748.00538777904,27659.922427538477,0.26,0.87,9140080.531465799
13576.987898638356,2779.5916566040196,27977.852570383868,0.26,0.88,9245138.9283792
13731.271852031874,2811.177925428996,28295.782713229033,0.26,0.89,9350197.3252926
13885.555805425567,2842.764194253969,28613.7128560742,0.26,0.9,9455255.722206
7685.749880939664,1573.4893780045882,15837.885300269041,0.27,0.5,5233548.556465
7839.464878558414,1604.9591655646975,16154.643006274488,0.27,0.51,5338219.5275943
7993.179876177339,1636.4289531249206,16471.400712279825,0.27,0.52,5442890.4987236
8146.894873796147,1667.89874068503,16788.15841828527,0.27,0.53,5547561.4698529
8300.609871414897,1699.3685282450317,17104.916124290605,0.27,0.54,5652232.4409822
8454.324869033706,1730.8383158050246,17421.673830295826,0.27,0.55,5756903.4121115
8608.039866652398,1762.308103365361,17738.431536301385,0.27,0.56,5861574.3832408
8761.754864271265,1793.7778909253598,18055.18924230683,0.27,0.5700000000000001,5966245.3543701
8915.469861890015,1825.2476784853557,18371.946948312165,0.27,0.58,6070916.3254994
9069.184859508765,1856.7174660454652,18688.70465431761,0.27,0.59,6175587.2966287
9222.899857127457,1888.1872536054611,19005.46236032283,0.27,0.6,6280258.267758
9376.614854746382,1919.6570411657974,19322.22006632839,0.27,0.61,6384929.2388873
9530.32985236519,1951.1268287257933,19638.97777233372,0.27,0.62,6489600.2100166
9684.044849983999,1982.5966162857922,19955.73547833895,0.27,0.63,6594271.1811459
9837.759847602807,2014.0664038459015,20272.4931843445,0.27,0.64,6698942.1522752
9991.474845221557,2045.5361914061273,20589.250890349722,0.27,0.65,6803613.1234045
10145.189842840307,2077.0059789662337,20906.008596355285,0.27,0.66,6908284.0945338
10298.904840459116,2108.4757665262296,21222.766302360735,0.27,0.67,7012955.0656631
10452.619838077924,2139.9455540862286,21539.524008365952,0.27,0.6799999999999999,7117626.036792399
10606.334835696616,2171.4153416464515,21856.281714371282,0.27,0.69,7222297.007921699
10760.049833315541,2202.885129206561,22173.03942037673,0.27,0.7,7326967.9790509995
10913.76483093435,2234.3549167666733,22489.79712638229,0.27,0.71,7431638.9501803
11067.4798285531,2265.8247043266692,22806.55483238762,0.27,0.72,7536309.9213096
11221.194826171908,2297.294491886665,23123.312538392845,0.27,0.73,7640980.8924389
11374.909823790775,2328.764279447001,23440.0702443984,0.27,0.74,7745651.8635682
11528.624821409525,2360.234067006997,23756.82795040362,0.27,0.75,7850322.8346975
11682.339819028275,2391.703854566996,24073.585656409185,0.27,0.76,7954993.8058268
11836.054816647142,2423.173642127216,24390.343362414398,0.27,0.77,8059664.7769561
11989.769814265892,2454.643429687212,24707.10106841985,0.27,0.78,8164335.7480854
12143.484811884642,2486.113217247441,25023.858774425185,0.27,0.79,8269006.7192147
12297.19980950345,2517.583004807431,25340.61648043063,0.27,0.8,8373677.690344
12450.9148071222,2549.0527923674326,25657.37418643596,0.27,0.81,8478348.6614733
12604.629804741126,2580.5225799276554,25974.131892441525,0.27,0.8200000000000001,8583019.6326026
12758.344802359818,2611.9923674877646,26290.88959844674,0.27,0.8300000000000001,8687690.6037319
12912.059799978684,2643.462155047988,26607.647304452075,0.27,0.8400000000000001,8792361.5748612
13065.774797597493,2674.9319426079837,26924.40501045752,0.27,0.8500000000000001,8897032.5459905
13219.489795216243,2706.4017301679824,27241.162716462855,0.27,0.86,9001703.517119799
13373.20479283511,2737.8715177280887,27557.920422468305,0.27,0.87,9106374.488249099
13526.91979045386,2769.3413052881983,27874.678128473635,0.27,0.88,9211045.4593784
13680.634788072668,2800.8110928482,28191.43583447908,0.27,0.89,9315716.4305077
13834.349785691418,2832.280880408423,28508.193540484415,0.27,0.9,9420387.401637001
7657.302092198457,1567.6653147570878,15779.263458274776,0.28,0.5,5214177.26726
7810.448134042439,1599.0186210522168,16094.848727440158,0.28,0.51,5318460.8126052
7963.594175886537,1630.3719273474621,16410.433996605778,0.28,0.52,5422744.357950401
8116.740217730461,1661.7252336423642,16726.01926577105,0.28,0.53,5527027.903295601
8269.886259574327,1693.0785399376066,17041.60453493667,0.28,0.54,5631311.4486408
8423.032301418367,1724.4318462327415,17357.18980410205,0.28,0.55,5735594.993986
8576.17834326229,1755.7851525279812,17672.77507326767,0.28,0.56,5839878.5393312005
8729.324385106273,1787.1384588230023,17988.36034243329,0.28,0.5700000000000001,5944162.084676401
8882.470426950313,1818.491765118242,18303.945611598676,0.28,0.58,6048445.6300216
9035.616468794178,1849.8450714132634,18619.530880764065,0.28,0.59,6152729.175366799
9188.76251063816,1881.198377708503,18935.116149929683,0.28,0.6,6257012.720712
9341.9085524822,1912.5516840035214,19250.701419095072,0.28,0.61,6361296.2660572
9495.05459432624,1943.9049902987667,19566.286688260687,0.28,0.62,6465579.8114024
9648.200636170106,1975.2582965937822,19881.871957426298,0.28,0.63,6569863.3567476
9801.34667801403,2006.6116028890249,20197.457226591578,0.28,0.64,6674146.9020928005
9954.492719858012,2037.9649091840433,20513.04249575708,0.28,0.65,6778430.447438001
10107.638761701935,2069.3182154792858,20828.627764922694,0.28,0.66,6882713.992783201
10260.784803546092,2100.6715217744204,21144.213034088083,0.28,0.67,6986997.5381284
10413.930845390074,2132.02482806966,21459.7983032537,0.28,0.6799999999999999,7091281.0834735995
10567.07688723394,2163.378134364795,21775.383572419087,0.28,0.69,7195564.6288188
10720.222929077863,2194.7314406598075,22090.96884158459,0.28,0.7,7299848.174164
10873.368970921787,2226.084746955053,22406.554110750207,0.28,0.71,7404131.7195092
11026.515012765885,2257.438053250185,22722.139379915596,0.28,0.72,7508415.2648543995
11179.661054609925,2288.7913595453138,23037.72464908121,0.28,0.73,7612698.8101996
11332.807096453791,2320.1446658403293,23353.309918246596,0.28,0.74,7716982.3555448
11485.953138297715,2351.497972135575,23668.895187412218,0.28,0.75,7821265.90089
11639.099180141755,2382.851278430704,23984.480456577603,0.28,0.76,7925549.4462352
11792.245221985737,2414.2045847259524,24300.06572574299,0.28,0.77,8029832.991580401
11945.39126382966,2445.5578910210784,24615.650994908494,0.28,0.78,8134116.536925601
12098.5373056737,2476.9111973161,24931.236264074225,0.28,0.79,8238400.0822708
12251.683347517566,2508.264503611226,25246.82153323961,0.28,0.8,8342683.627616
12404.829389361606,2539.617809906468,25562.406802404996,0.28,0.81,8446967.172961202
12557.975431205588,2570.9711162015974,25877.992071570505,0.28,0.8200000000000001,8551250.718306402
12711.121473049512,2602.3244224966184,26193.577340736003,0.28,0.8300000000000001,8655534.2636516
12864.267514893378,2633.6777287917507,26509.162609901505,0.28,0.8400000000000001,8759817.8089968
13017.413556737418,2665.0310350869872,26824.74787906701,0.28,0.8500000000000001,8864101.354342
13170.559598581458,2696.384341382122,27140.333148232625,0.28,0.86,8968384.8996872
13323.705640425382,2727.7376476773675,27455.918417398127,0.28,0.87,9072668.445032401
13476.851682269422,2759.090953972383,27771.503686563512,0.28,0.88,9176951.9903776
13629.99772411323,2790.444260267512,28087.088955728905,0.28,0.89,9281235.5357228
13783.143765957211,2821.797566562644,28402.67422489452,0.28,0.9,9385519.081068
7628.854303457367,1561.841251509468,15720.641616280269,0.29,0.5,5194805.978055
7781.431389526464,1593.0780765396223,16035.054448605943,0.29,0.51,5298702.097616101
7934.008475595678,1624.3149015697738,16349.467280931502,0.29,0.52,5402598.2171772
8086.585561664717,1655.5517265999254,16663.88011325717,0.29,0.53,5506494.3367383005
8239.16264773393,1686.788551630301,16978.292945582845,0.29,0.54,5610390.456299401
8391.73973380297,1718.025376660342,17292.705777908403,0.29,0.55,5714286.5758605
8544.316819872241,1749.2622016904907,17607.118610234073,0.29,0.56,5818182.695421601
8696.893905941455,1780.499026720872,17921.531442559517,0.29,0.5700000000000001,5922078.814982701
8849.470992010494,1811.7358517509042,18235.944274885078,0.29,0.58,6025974.9345438
9002.04807807965,1842.972676781053,18550.357107210748,0.29,0.59,6129871.0541049
9154.625164148747,1874.2095018113237,18864.769939536414,0.29,0.6,6233767.173666
9307.20225021796,1905.4463268414695,19179.182771861975,0.29,0.61,6337663.2932271
9459.779336287116,1936.683151871624,19493.595604187416,0.29,0.62,6441559.4127882
9612.356422356155,1967.9199769017696,19808.008436513202,0.29,0.63,6545455.532349301
9764.933508425369,1999.1568019320375,20122.421268838876,0.29,0.64,6649351.651910401
9917.510594494466,2030.3936269623025,20436.834101164317,0.29,0.65,6753247.7714715
10070.08768056368,2061.6304519923406,20751.24693348999,0.29,0.66,6857143.891032601
10222.664766632835,2092.8672770226026,21065.659765815548,0.29,0.67,6961040.010593701
10375.24185270199,2124.1041020528705,21380.072598141218,0.29,0.6799999999999999,7064936.1301548
10527.818938771205,2155.340927082903,21694.48543046678,0.29,0.69,7168832.2497159
10680.396024840185,2186.5777521132873,22008.89826279245,0.29,0.7,7272728.369277
10832.97311090934,2217.814577143433,22323.311095118006,0.29,0.71,7376624.4888381
10985.550196978555,2249.051402173468,22637.72392744368,0.29,0.72,7480520.6083992
11138.127283047652,2280.2882272038464,22952.13675976935,0.29,0.73,7584416.727960301
11290.704369116866,2311.5250522338847,23266.549592094907,0.29,0.74,7688312.8475214
11443.281455186137,2342.761877264039,23580.96242442058,0.29,0.75,7792208.9670825
11595.858541255177,2373.9987022944115,23895.375256746134,0.29,0.76,7896105.086643601
11748.435627324332,2405.2355273244525,24209.788089071808,0.29,0.77,8000001.2062047
11901.012713393371,2436.4723523547177,24524.20092139737,0.29,0.78,8103897.325765801
12053.589799462585,2467.7091773849797,24838.613753722922,0.29,0.79,8207793.445326901
12206.16688553174,2498.9460024150176,25153.026586048483,0.29,0.8,8311689.5648880005
12358.743971600838,2530.1828274452855,25467.439418374153,0.29,0.81,8415585.6844491
12511.32105767011,2561.419652475545,25781.85225069971,0.29,0.8200000000000001,8519481.804010201
12663.898143739265,2592.6564775057022,26096.265083025155,0.29,0.8300000000000001,8623377.923571302
12816.475229808304,2623.893302535848,26410.67791535094,0.29,0.8400000000000001,8727274.043132402
12969.052315877518,2655.130127566116,26725.0907476765,0.29,0.8500000000000001,8831170.1626935
13121.629401946557,2686.366952596262,27039.503580002285,0.29,0.86,8935066.2822546
13274.206488015829,2717.6037776264134,27353.916412327726,0.29,0.87,9038962.401815701
13426.78357408481,2748.840602656454,27668.32924465328,0.29,0.88,9142858.5213768
13579.360660154081,2780.077427686827,27982.742076978953,0.29,0.89,9246754.6409379
13731.937746223237,2811.314252716981,28297.154909304507,0.29,0.9,9350650.760499
7600.406514716102,1556.0171882617406,15662.019774285884,0.3,0.5,5175434.6888500005
7752.414645010547,1587.1375320270251,15975.260169771613,0.3,0.51,5278943.382627001
7904.422775304818,1618.2578757923127,16288.500565257338,0.3,0.52,5382452.076404001
8056.430905599031,1649.3782195575973,16601.740960743176,0.3,0.53,5485960.770181001
8208.439035893418,1680.4985633227684,16914.981356228793,0.3,0.54,5589469.463958001
8360.44716618763,1711.618907088053,17228.22175171441,0.3,0.55,5692978.157735001
8512.455296482134,1742.7392508532241,17541.462147200134,0.3,0.56,5796486.851512001
8664.463426776463,1773.859594618509,17854.702542685976,0.3,0.5700000000000001,5899995.545289001
8816.471557070676,1804.97993838368,18167.942938171585,0.3,0.58,6003504.239066
8968.479687365063,1836.1002821489647,18481.183333657427,0.3,0.59,6107012.932843001
9120.48781765945,1867.2206259140223,18794.423729143036,0.3,0.6,6210521.62662
9272.495947953663,1898.3409696793099,19107.664124628765,0.3,0.61,6314030.320397001
9424.504078248108,1929.4613134445915,19420.904520114607,0.3,0.62,6417539.014174
9576.51220854232,1960.5816572097626,19734.144915600333,0.3,0.63,6521047.707951001
9728.52033883665,1991.7020009750502,20047.385311085836,0.3,0.64,6624556.4017280005
9880.528469130979,2022.8223447403348,20360.62570657167,0.3,0.65,6728065.095505001
10032.536599425308,2053.9426885056137,20673.866102057516,0.3,0.66,6831573.789282001
10184.544729719637,2085.063032270677,20987.106497543125,0.3,0.67,6935082.483059001
10336.552860013966,2116.183376035962,21300.346893028855,0.3,0.6799999999999999,7038591.176836
10488.560990308295,2147.303719801246,21613.587288514467,0.3,0.69,7142099.870613
10640.569120602624,2178.424063566531,21926.82768400031,0.3,0.7,7245608.56439
10792.577250896953,2209.544407331816,22240.06807948592,0.3,0.71,7349117.2581670005
10944.585381191398,2240.664751096987,22553.308474971764,0.3,0.72,7452625.951944
11096.593511485495,2271.7850948622713,22866.54887045749,0.3,0.73,7556134.645721001
11248.601641779882,2302.905438627553,23179.789265943098,0.3,0.74,7659643.339498
11400.60977207427,2334.0257823928378,23493.029661428714,0.3,0.75,7763152.033275001
11552.617902368482,2365.146126157901,23806.270056914556,0.3,0.76,7866660.727052001
11704.62603266281,2396.26646992318,24119.510452400278,0.3,0.77,7970169.420829001
11856.634162957314,2427.386813688465,24432.75084788601,0.3,0.78,8073678.114606001
12008.642293251527,2458.507157453755,24745.991243371733,0.3,0.79,8177186.808383001
12160.650423545856,2489.627501218926,25059.23163885758,0.3,0.8,8280695.502160002
12312.658553840243,2520.747844984205,25372.472034343187,0.3,0.81,8384204.195937001
12464.666684134456,2551.8681887494954,25685.71242982903,0.3,0.8200000000000001,8487712.889714
12616.674814428901,2582.98853251455,25998.95282531453,0.3,0.8300000000000001,8591221.583491001
12768.682944723172,2614.108876279948,26312.19322080037,0.3,0.8400000000000001,8694730.277268002
12920.691075017385,2645.229220045006,26625.433616286213,0.3,0.8500000000000001,8798238.971045002
13072.699205311772,2676.349563810291,26938.674011771822,0.3,0.86,8901747.664822001
13224.70733560616,2707.4699075754675,27251.914407257438,0.3,0.87,9005256.358599002
13376.715465900488,2738.5902513407464,27565.154802743273,0.3,0.88,9108765.052376
13528.723596194817,2769.7105951059175,27878.395198229002,0.3,0.89,9212273.746153
13680.731726489146,2800.830938871208,28191.63559371473,0.3,0.9,9315782.439930001
7571.9587259750115,1550.193125014243,15603.397932291497,0.31,0.5,5156063.399645
7723.397900494456,1581.1969875144337,15915.46589093739,0.31,0.51,5259184.6676378995
7874.837075013958,1612.2008500148486,16227.533849583066,0.31,0.52,5362305.9356308
8026.276249533577,1643.2047125149259,16539.601808229072,0.31,0.53,5465427.2036237
8177.7154240529635,1674.2085750152357,16851.66976687474,0.31,0.54,5568548.4716166
8329.154598572408,1705.2124375155402,17163.737725520637,0.31,0.55,5671669.7396095
8480.593773091969,1736.2163000158444,17475.80568416653,0.31,0.56,5774791.0076024
8632.03294761153,1767.220162516265,17787.87364281232,0.31,0.5700000000000001,5877912.275595301
8783.472122130974,1798.2240250164557,18099.9416014581,0.31,0.58,5981033.5435882
8934.911296650476,1829.2278875168736,18412.009560103877,0.31,0.59,6084154.811581099
9086.350471169979,1860.2317500170643,18724.07751874966,0.31,0.6,6187276.079573999
9237.789645689481,1891.2356125173715,19036.145477395672,0.31,0.61,6290397.3475669
9389.228820208984,1922.2394750176757,19348.21343604134,0.31,0.62,6393518.6155598
9540.667994728487,1953.2433375178664,19660.28139468735,0.31,0.63,6496639.883552699
9692.10716924793,1984.2472000180628,19972.34935333302,0.31,0.64,6599761.1515456
9843.546343767492,2015.2510625184807,20284.417311978912,0.31,0.65,6702882.4195385
9994.98551828711,2046.2549250186685,20596.485270624922,0.31,0.66,6806003.6875314005
10146.424692806439,2077.258787519086,20908.553229270594,0.31,0.67,6909124.9555243
10297.863867326116,2108.2626500193905,21220.621187916488,0.31,0.6799999999999999,7012246.223517199
10449.303041845618,2139.266512519587,21532.68914656227,0.31,0.69,7115367.491510099
10600.742216365004,2170.270375019891,21844.757105208166,0.31,0.7,7218488.7595029995
10752.181390884507,2201.2742375201956,22156.825063853834,0.31,0.71,7321610.027495899
10903.620565403951,2232.278100020389,22468.89302249973,0.31,0.72,7424731.295488799
11055.059739923396,2263.2819625206935,22780.960981145625,0.31,0.73,7527852.5634817
11206.498914442956,2294.2858250209974,23093.02893979141,0.31,0.74,7630973.831474599
11357.938088962459,2325.289687521188,23405.096898437307,0.31,0.75,7734095.099467499
11509.37726348202,2356.293550021609,23717.164857083204,0.31,0.76,7837216.3674604
11660.816438001522,2387.2974125217997,24029.23281572887,0.31,0.77,7940337.6354533
11812.255612521025,2418.3012750222233,24341.30077437488,0.31,0.78,8043458.9034462
11963.69478704047,2449.305137522414,24653.368733020547,0.31,0.79,8146580.1714391
12115.133961559914,2480.309000022829,24965.436691666444,0.31,0.8,8249701.439432
12266.573136079416,2511.3128625230197,25277.50465031223,0.31,0.81,8352822.7074249005
12418.012310598919,2542.3167250232104,25589.572608958122,0.31,0.8200000000000001,8455943.9754178
12569.45148511848,2573.320587523634,25901.64056760379,0.31,0.8300000000000001,8559065.243410701
12720.890659638098,2604.3244500238247,26213.7085262498,0.31,0.8400000000000001,8662186.5114036
12872.329834157426,2635.328312524129,26525.776484895585,0.31,0.8500000000000001,8765307.7793965
13023.769008677045,2666.3321750244363,26837.844443541362,0.31,0.86,8868429.0473894
13175.20818319649,2697.3360375247403,27149.912402187256,0.31,0.87,8971550.3153823
13326.647357715934,2728.339900024931,27461.980360833157,0.31,0.88,9074671.583375199
13478.086532235378,2759.3437625253487,27774.04831947894,0.31,0.89,9177792.8513681
13629.52570675494,2790.3476250255426,28086.11627812461,0.31,0.9,9280914.119361
7543.5109372337465,1544.3690617666232,15544.776090297113,0.32,0.5,5136692.11044
7694.381155978481,1575.25644300195,15855.671612103062,0.32,0.51,5239425.9526488
7845.251374723157,1606.1438242372797,16166.567133909011,0.32,0.52,5342159.7948576
7996.121593467775,1637.03120547249,16477.46265571485,0.32,0.53,5444893.637066401
8146.9918122126255,1667.9185867078168,16788.35817752092,0.32,0.54,5547627.4792752005
8297.862030957302,1698.8059679431406,17099.25369932687,0.32,0.55,5650361.321484
8448.732249701803,1729.6933491784673,17410.149221132706,0.32,0.56,5753095.1636928
8599.602468446537,1760.5807304139046,17721.04474293866,0.32,0.5700000000000001,5855829.0059016
8750.472687191097,1791.4681116492313,18031.940264744724,0.32,0.58,5958562.848110399
8901.34290593589,1822.3554928845554,18342.835786550557,0.32,0.59,6061296.6903192
9052.213124680566,1853.2428741198821,18653.73130835651,0.32,0.6,6164030.532528
9203.083343425242,1884.1302553552089,18964.626830162575,0.32,0.61,6266764.3747368
9353.953562169918,1915.0176365905327,19275.522351968415,0.32,0.62,6369498.2169456
9504.82378091471,1945.905017825746,19586.417873774368,0.32,0.63,6472232.0591544
9655.693999659328,1976.7923990610698,19897.31339558032,0.32,0.64,6574965.9013632005
9806.564218404004,2007.6797802963965,20208.20891738627,0.32,0.65,6677699.743572
9957.43443714868,2038.5671615317203,20519.104439192106,0.32,0.66,6780433.5857808
10108.304655893182,2069.4545427673875,20829.999960998168,0.32,0.67,6883167.4279896
10259.174874637974,2100.3419240027115,21140.895482804124,0.32,0.6799999999999999,6985901.270198399
10410.045093382592,2131.2293052379246,21451.79100460996,0.32,0.69,7088635.112407199
10560.915312127385,2162.1166864732486,21762.686526415917,0.32,0.7,7191368.954616
10711.785530872003,2193.0040677085753,22073.582048221975,0.32,0.71,7294102.7968248
10862.655749616795,2223.8914489438994,22384.477570027815,0.32,0.72,7396836.6390336
11013.525968361413,2254.778830179226,22695.373091833768,0.32,0.73,7499570.4812424
11164.396187106031,2285.666211414666,23006.26861363983,0.32,0.74,7602304.3234512
11315.26640585059,2316.553592649993,23317.16413544567,0.32,0.75,7705038.1656599995
11466.136624595383,2347.4409738853196,23628.059657251622,0.32,0.76,7807772.0078688
11617.00684334006,2378.3283551206464,23938.955179057568,0.32,0.77,7910505.8500776
11767.877062084794,2409.2157363559704,24249.850700863524,0.32,0.78,8013239.6922864
11918.74728082947,2440.1031175911835,24560.74622266936,0.32,0.79,8115973.5344952
12069.617499574088,2470.9904988265075,24871.64174447543,0.32,0.8,8218707.376704
12220.487718318822,2501.8778800618343,25182.53726628138,0.32,0.81,8321441.218912801
12371.357937063498,2532.765261297158,25493.432788087215,0.32,0.8200000000000001,8424175.0611216
12522.228155808174,2563.6526425324846,25804.328309893168,0.32,0.8300000000000001,8526908.9033304
12673.098374552792,2594.5400237679223,26115.22383169923,0.32,0.8400000000000001,8629642.745539201
12823.968593297526,2625.427405003249,26426.11935350507,0.32,0.8500000000000001,8732376.587748
12974.838812042086,2656.3147862385727,26737.014875311022,0.32,0.86,8835110.4299568
13125.709030786878,2687.2021674739026,27047.910397117084,0.32,0.87,8937844.2721656
13276.579249531496,2718.0895487091157,27358.805918922924,0.32,0.88,9040578.1143744
13427.44946827623,2748.9769299444397,27669.701440728873,0.32,0.89,9143311.9565832
13578.319687020907,2779.8643111797664,27980.596962534823,0.32,0.9,9246045.798792
7515.063148492714,1538.5449985188957,15486.15424830273,0.33,0.5,5117320.821234999
7665.364411462506,1569.3158984893555,15795.877333268845,0.33,0.51,5219667.237659699
7815.665674432414,1600.0867984597019,16105.600418234968,0.33,0.52,5322013.654084399
7965.966937402205,1630.857698430159,16415.323503200863,0.33,0.53,5424360.070509099
8116.268200372055,1661.6285984003919,16725.04658816698,0.33,0.54,5526706.486933799
8266.569463341963,1692.3994983708517,17034.769673132876,0.33,0.55,5629052.9033584995
8416.870726311754,1723.170398341201,17344.492758098993,0.33,0.56,5731399.3197832
8567.171989281545,1753.9412983117743,17654.21584306512,0.33,0.5700000000000001,5833745.7362079
8717.473252251453,1784.7121982820072,17963.938928031122,0.33,0.58,5936092.152632599
8867.774515221303,1815.483098252467,18273.66201299713,0.33,0.59,6038438.569057299
9018.075778191152,1846.2539982227,18583.385097963135,0.33,0.6,6140784.985481999
9168.377041160944,1877.0248981930433,18893.108182929256,0.33,0.61,6243131.401906699
9318.67830413091,1907.7957981635032,19202.831267895373,0.33,0.62,6345477.818331399
9468.97956710076,1938.5666981338495,19512.554352861498,0.33,0.63,6447824.234756099
9619.28083007061,1969.3375981043096,19822.2774378275,0.33,0.64,6550170.651180799
9769.582093040459,2000.108498074656,20132.000522793507,0.33,0.65,6652517.067605499
9919.883356010308,2030.8793980451157,20441.723607759515,0.33,0.66,6754863.484030199
10070.184618980216,2061.6502980153455,20751.44669272564,0.33,0.67,6857209.900454899
10220.485881950008,2092.421197985692,21061.169777691528,0.33,0.6799999999999999,6959556.316879598
10370.787144919741,2123.192097956152,21370.892862657653,0.33,0.69,7061902.7333042985
10521.088407889707,2153.9629979264982,21680.61594762377,0.33,0.7,7164249.149728999
10671.389670859557,2184.7338978969583,21990.33903258989,0.33,0.71,7266595.566153699
10821.690933829406,2215.504797867418,22300.062117555895,0.33,0.72,7368941.982578399
10971.992196799256,2246.275697837648,22609.785202522024,0.33,0.73,7471288.399003099
11122.293459769047,2277.046597807994,22919.50828748791,0.33,0.74,7573634.815427799
11272.594722738955,2307.8174977784543,23229.231372454033,0.33,0.75,7675981.231852499
11422.895985708805,2338.5883977488033,23538.95445742015,0.33,0.76,7778327.648277199
11573.197248678596,2369.3592977192634,23848.677542386275,0.33,0.77,7880674.064701899
11723.498511648446,2400.1301976896098,24158.40062735217,0.33,0.78,7983020.481126599
11873.799774618412,2430.9010976600694,24468.123712318284,0.33,0.79,8085366.897551299
12024.101037588203,2461.6719976303025,24777.846797284186,0.33,0.8,8187713.313975999
12174.402300558111,2492.442897600649,25087.569882250304,0.33,0.81,8290059.730400699
12324.703563527903,2523.2137975711057,25397.29296721631,0.33,0.8200000000000001,8392406.1468254
12475.00482649781,2553.984697541452,25707.01605218243,0.33,0.8300000000000001,8494752.5632501
12625.30608946766,2584.755597511912,26016.739137148663,0.33,0.8400000000000001,8597098.9796748
12775.607352437568,2615.526497482261,26326.462222114667,0.33,0.8500000000000001,8699445.3960995
12925.90861540736,2646.2973974527213,26636.185307080683,0.33,0.86,8801791.812524198
13076.20987837715,2677.068297422954,26945.908392046797,0.33,0.87,8904138.228948899
13226.511141347059,2707.839197393414,27255.631477012692,0.33,0.88,9006484.6453736
13376.812404316908,2738.6100973637604,27565.35456197881,0.33,0.89,9108831.061798299
13527.113667286758,2769.380997333987,27875.077646944934,0.33,0.9,9211177.478223
7486.615359751449,1532.7209352712819,15427.532406308335,0.34,0.5,5097949.532029999
7636.347666946647,1563.3753539767613,15736.08305443463,0.34,0.51,5199908.5226706
7786.079974141612,1594.0297726821273,16044.63370256058,0.34,0.52,5301867.5133112
7935.812281336694,1624.6841913876067,16353.184350686643,0.34,0.53,5403826.5039518
8085.5445885316585,1655.3386100930861,16661.734998812928,0.34,0.54,5505785.494592399
8235.276895726623,1685.993028798452,16970.2856469391,0.34,0.55,5607744.485233
8385.009202921763,1716.647447503818,17278.836295065168,0.34,0.56,5709703.4758736
8534.74151011667,1747.3018662093034,17587.38694319146,0.34,0.5700000000000001,5811662.4665142
8684.473817311751,1777.9562849147799,17895.937591317634,0.34,0.58,5913621.457154799
8834.206124506716,1808.6107036201458,18204.488239443694,0.34,0.59,6015580.4477953985
8983.938431701798,1839.2651223256255,18513.038887569874,0.34,0.6,6117539.438435999
9133.670738896762,1869.9195410309944,18821.58953569616,0.34,0.61,6219498.429076599
9283.403046091786,1900.5739597364739,19130.140183822332,0.34,0.62,6321457.419717199
9433.135353286867,1931.2283784418428,19438.6908319484,0.34,0.63,6423416.410357799
9582.867660481832,1961.8827971473163,19747.241480074692,0.34,0.64,6525375.4009984
9732.599967676855,1992.5372158527957,20055.792128200865,0.34,0.65,6627334.391639
9882.332274871878,2023.1916345581676,20364.34277632693,0.34,0.66,6729293.3822796
10032.064582067018,2053.8460532636473,20672.893424453214,0.34,0.67,6831252.372920199
10181.7968892621,2084.5004719690132,20981.444072579165,0.34,0.6799999999999999,6933211.363560799
10331.529196457064,2115.1548906744924,21289.994720705345,0.34,0.69,7035170.354201399
10481.261503652087,2145.8093093798584,21598.54536883163,0.34,0.7,7137129.344841999
10630.99381084711,2176.463728085341,21907.096016957807,0.34,0.71,7239088.335482599
10780.726118042134,2207.1181467907068,22215.64666508387,0.34,0.72,7341047.3261231985
10930.458425237157,2237.7725654961864,22524.19731321016,0.34,0.73,7443006.316763799
11080.19073243218,2268.4269842015524,22832.747961336336,0.34,0.74,7544965.307404399
11229.923039627203,2299.0814029070375,23141.298609462396,0.34,0.75,7646924.298044999
11379.655346822226,2329.7358216125112,23449.849257588572,0.34,0.76,7748883.288685599
11529.38765401725,2360.390240317877,23758.399905714865,0.34,0.77,7850842.2793262
11679.119961212273,2391.044659023357,24066.950553840925,0.34,0.78,7952801.2699668
11828.852268407296,2421.6990777287283,24375.501201967098,0.34,0.79,8054760.260607399
11978.58457560232,2452.353496434208,24684.051850093274,0.34,0.8,8156719.251247999
12128.316882797459,2483.007915139574,24992.60249821957,0.34,0.81,8258678.2418885995
12278.049189992365,2513.6623338450504,25301.15314634563,0.34,0.8200000000000001,8360637.2325292
12427.781497187505,2544.316752550303,25609.703794471916,0.34,0.8300000000000001,8462596.2231698
12577.51380438247,2574.971171255902,25918.254442597867,0.34,0.8400000000000001,8564555.2138104
12727.246111577435,2605.625589961154,26226.80509072404,0.34,0.8500000000000001,8666514.204451
12876.978418772516,2636.280008666747,26535.35573885033,0.34,0.86,8768473.1950916
13026.710725967598,2666.9344273722268,26843.906386976392,0.34,0.87,8870432.185732199
13176.443033162563,2697.5888460775927,27152.45703510257,0.34,0.88,8972391.176372798
13326.175340357644,2728.2432647830724,27461.00768322886,0.34,0.89,9074350.1670134
13475.90764755255,2758.8976834883247,27769.55833135492,0.34,0.9,9176309.157653999
7458.167571010359,1526.896872023662,15368.91056431384,0.35000000000000003,0.5,5078578.242825
7607.330922430439,1557.4348094642746,15676.288775600187,0.35000000000000003,0.51,5180149.8076815
7756.4942738507525,1587.9727469046659,15983.666986886417,0.35000000000000003,0.52,5281721.372537999
7905.657625270891,1618.5106843450515,16291.04519817276,0.35000000000000003,0.53,5383292.9373945
8054.820976691146,1649.0486217856671,16598.423409459105,0.35000000000000003,0.54,5484864.502251
8203.9843281114,1679.5865592261662,16905.80162074522,0.35000000000000003,0.55,5586436.0671075
8353.147679531365,1710.1244966665547,17213.17983203146,0.35000000000000003,0.56,5688007.631964
8502.31103095162,1740.6624341069403,17520.5580433178,0.35000000000000003,0.5700000000000001,5789579.1968205
8651.474382371875,1771.2003715474423,17827.936254604145,0.35000000000000003,0.58,5891150.761676999
8800.637733792188,1801.7383089880548,18135.314465890377,0.35000000000000003,0.59,5992722.326533499
8949.801085212443,1832.2762464284463,18442.692677176605,0.35000000000000003,0.6,6094293.89139
9098.964436632523,1862.8141838690558,18750.070888462957,0.35000000000000003,0.61,6195865.456246499
9248.12778805272,1893.3521213094414,19057.449099749185,0.35000000000000003,0.62,6297437.021102999
9397.291139472916,1923.8900587497194,19364.827311035413,0.35000000000000003,0.63,6399008.5859595
9546.454490893288,1954.427996190329,19672.20552232176,0.35000000000000003,0.64,6500580.150816
9695.617842313426,1984.9659336308282,19979.58373360799,0.35000000000000003,0.65,6602151.7156724995
9844.781193733623,2015.503871071333,20286.96194489434,0.35000000000000003,0.66,6703723.280529
9993.944545153761,2046.041808511835,20594.34015618057,0.35000000000000003,0.67,6805294.8453855
10143.107896574016,2076.5797459522205,20901.718367467027,0.35000000000000003,0.6799999999999999,6906866.410241999
10292.271247994271,2107.117683392836,21209.09657875303,0.35000000000000003,0.69,7008437.975098499
10441.434599414526,2137.655620833108,21516.47479003949,0.35000000000000003,0.7,7110009.539954999
10590.597950834606,2168.1935582737206,21823.85300132584,0.35000000000000003,0.71,7211581.104811499
10739.761302254745,2198.7314957141093,22131.231212611954,0.35000000000000003,0.72,7313152.669667999
10888.924653675,2229.269433154608,22438.6094238983,0.35000000000000003,0.73,7414724.2345245
11038.088005095255,2259.807370595224,22745.987635184643,0.35000000000000003,0.74,7516295.799380999
11187.251356515451,2290.3453080356094,23053.36584647076,0.35000000000000003,0.75,7617867.364237499
11336.414707935706,2320.883245476225,23360.744057757103,0.35000000000000003,0.76,7719438.929094
11485.578059355845,2351.4211829164997,23668.122269043455,0.35000000000000003,0.77,7821010.493950499
11634.7414107761,2381.9591203568825,23975.50048032957,0.35000000000000003,0.78,7922582.058807
11783.904762196355,2412.497057797498,24282.878691615915,0.35000000000000003,0.79,8024153.6236635
11933.068113616435,2443.0349952378892,24590.25690290226,0.35000000000000003,0.8,8125725.188519999
12082.23146503669,2473.572932678499,24897.635114188375,0.35000000000000003,0.81,8227296.7533765
12231.394816456886,2504.1108701189983,25205.01332547472,0.35000000000000003,0.8200000000000001,8328868.318233
12380.558167877141,2534.6488075593898,25512.391536761068,0.35000000000000003,0.8300000000000001,8430439.8830895
12529.72151929728,2565.1867449997753,25819.769748047187,0.35000000000000003,0.8400000000000001,8532011.447946
12678.884870717477,2595.7246824402714,26127.147959333757,0.35000000000000003,0.8500000000000001,8633583.0128025
12828.048222137731,2626.26261988089,26434.526170619873,0.35000000000000003,0.86,8735154.577659
12977.211573557986,2656.800557321278,26741.904381906217,0.35000000000000003,0.87,8836726.1425155
13126.374924978183,2687.3384947617747,27049.28259319256,0.35000000000000003,0.88,8938297.707371999
13275.53827639838,2717.8764322022766,27356.66080447891,0.35000000000000003,0.89,9039869.2722285
13424.701627818518,2748.4143696427786,27664.039015765025,0.35000000000000003,0.9,9141440.837085
7429.719782269152,1521.0728087761586,15310.288722319456,0.36,0.5,5059206.95362
7578.314177914523,1551.494264951686,15616.494496765858,0.36,0.51,5160391.0926924
7726.908573559835,1581.9157211272018,15922.700271212256,0.36,0.52,5261575.2317648
7875.502969205205,1612.3371773027263,16228.906045658545,0.36,0.53,5362759.3708372
8024.097364850633,1642.758633478242,16535.111820105172,0.36,0.54,5463943.5099096
8172.691760496062,1673.180089653653,16841.317594551347,0.36,0.55,5565127.648982001
8321.286156141374,1703.6015458292882,17147.52336899786,0.36,0.56,5666311.7880544
8469.88055178686,1734.0230020046963,17453.729143444143,0.36,0.5700000000000001,5767495.927126801
8618.474947432056,1764.4444581803314,17759.934917890543,0.36,0.58,5868680.066199199
8767.069343077601,1794.8659143557365,18066.140692337056,0.36,0.59,5969864.2052716
8915.663738722797,1825.2873705313718,18372.34646678346,0.36,0.6,6071048.344343999
9064.2581343684,1855.7088267067797,18678.552241229743,0.36,0.61,6172232.4834164
9212.85253001377,1886.1302828825255,18984.758015676147,0.36,0.62,6273416.6224887995
9361.446925659082,1916.5517390578202,19290.963790122547,0.36,0.63,6374600.7615612
9510.04132130451,1946.9731952333418,19597.169564568834,0.36,0.64,6475784.9006336
9658.63571694988,1977.3946514088634,19903.375339015463,0.36,0.65,6576969.039706
9807.23011259525,2007.816107584382,20209.581113461638,0.36,0.66,6678153.1787784
9955.82450824068,2038.2375637601306,20515.786887908143,0.36,0.67,6779337.3178508
10104.41890388605,2068.6590199355414,20821.992662354438,0.36,0.6799999999999999,6880521.456923199
10253.013299531478,2099.0804761110576,21128.198436800838,0.36,0.69,6981705.595995599
10401.60769517679,2129.5019322865846,21434.404211247347,0.36,0.7,7082889.735067999
10550.202090822277,2159.923388462101,21740.609985693525,0.36,0.71,7184073.8741403995
10698.79648646753,2190.344844637625,22046.81576014015,0.36,0.72,7285258.013212799
10847.390882112959,2220.7663008131467,22353.021534586434,0.36,0.73,7386442.1522852
10995.98527775833,2251.1877569886656,22659.22730903295,0.36,0.74,7487626.291357599
11144.5796734037,2281.609213164187,22965.433083479125,0.36,0.75,7588810.43043
11293.17406904907,2312.0306693397088,23271.63885792575,0.36,0.76,7689994.5695024
11441.76846469444,2342.4521255152304,23577.84463237204,0.36,0.77,7791178.7085748
11590.362860339868,2372.8735816906324,23884.050406818442,0.36,0.78,7892362.8476472
11738.957255985239,2403.2950378662704,24190.25618126484,0.36,0.79,7993546.9867196
11887.551651630609,2433.7164940416815,24496.46195571113,0.36,0.8,8094731.125792
12036.14604727592,2464.137950217424,24802.667730157646,0.36,0.81,8195915.2648644
12184.74044292135,2494.5594063927188,25108.87350460381,0.36,0.8200000000000001,8297099.403936801
12333.334838566836,2524.9808625682404,25415.079279050555,0.36,0.8300000000000001,8398283.543009201
12481.92923421209,2555.402318743989,25721.28505349673,0.36,0.8400000000000001,8499467.6820816
12630.523629857576,2585.8237749192867,26027.49082794313,0.36,0.8500000000000001,8600651.821154
12779.118025502888,2616.2452310950293,26333.696602389526,0.36,0.86,8701835.9602264
12927.712421148433,2646.6666872703267,26639.902376835817,0.36,0.87,8803020.0992988
13076.306816793687,2677.08814344607,26946.10815128233,0.36,0.88,8904204.238371199
13224.901212439,2707.5095996214836,27252.313925728726,0.36,0.89,9005388.3774436
13373.495608084486,2737.931055797113,27558.519700175137,0.36,0.9,9106572.516516
7401.271993528004,1515.248745528431,15251.66688032507,0.37,0.5,5039835.664415
7549.297433398548,1545.553720439086,15556.700217931635,0.37,0.51,5140632.3777033
7697.322873269091,1575.8586953495194,15861.733555538207,0.37,0.52,5241429.0909916
7845.348313139693,1606.1636702601684,16166.766893144548,0.37,0.53,5342225.8042799
7993.373753010237,1636.4686451708287,16471.80023075089,0.37,0.54,5443022.517568201
8141.399192880781,1666.7736200812508,16776.83356835746,0.37,0.55,5543819.230856501
8289.424632751266,1697.0785949919111,17081.866905964027,0.37,0.56,5644615.9441448
8437.450072621927,1727.3835699023389,17386.900243570595,0.37,0.5700000000000001,5745412.657433101
8585.475512492529,1757.6885448129935,17691.93358117706,0.37,0.58,5846209.3707214
8733.500952363014,1787.9935197236484,17996.966918783397,0.37,0.59,5947006.0840096995
8881.526392233558,1818.2984946340703,18302.000256390198,0.37,0.6,6047802.797298
9029.551832104102,1848.6034695447308,18607.03359399665,0.37,0.61,6148599.5105863
9177.577271974704,1878.9084444552661,18912.066931603105,0.37,0.62,6249396.2238746
9325.602711845248,1909.2134193658133,19217.100269209444,0.37,0.63,6350192.9371629
9473.62815171585,1939.5183942763545,19522.13360681602,0.37,0.64,6450989.6504512
9621.653591586335,1969.8233691870091,19827.166944422588,0.37,0.65,6551786.3637395
9769.679031456879,2000.1283440974369,20132.200282029156,0.37,0.66,6652583.0770278005
9917.704471327597,2030.4333190080915,20437.233619635615,0.37,0.67,6753379.7903161
10065.729911197966,2060.7382939187464,20742.266957241958,0.37,0.6799999999999999,6854176.503604399
10213.755351068568,2091.0432688291767,21047.30029484864,0.37,0.69,6954973.2168927
10361.78079093917,2121.348243739829,21352.33363245521,0.37,0.7,7055769.930180999
10509.806230809598,2151.6532186504833,21657.366970061663,0.37,0.71,7156566.643469299
10657.8316706802,2181.9581935609112,21962.400307668006,0.37,0.72,7257363.3567576
10805.857110550918,2212.2631684715657,22267.433645274577,0.37,0.73,7358160.0700459
10953.882550421462,2242.568143382337,22572.46698288115,0.37,0.74,7458956.7833342
11101.907990291831,2272.873118292648,22877.500320487718,0.37,0.75,7559753.4966225
11249.93343016255,2303.1780932034194,23182.533658094057,0.37,0.76,7660550.2099108
11397.958870033151,2333.483068114071,23487.566995700516,0.37,0.77,7761346.9231991
11545.984309903579,2363.788043024502,23792.600333307197,0.37,0.78,7862143.6364874
11694.00974977418,2394.0930179351562,24097.633670913765,0.37,0.79,7962940.349775701
11842.035189644783,2424.3979928456974,24402.667008520224,0.37,0.8,8063737.063064001
11990.060629515268,2454.7029677562386,24707.700346126563,0.37,0.81,8164533.7763523
12138.08606938587,2485.007942666777,25012.73368373313,0.37,0.8200000000000001,8265330.489640601
12286.111509256414,2515.3129175774347,25317.767021339703,0.37,0.8300000000000001,8366127.202928901
12434.136949126958,2545.617892487976,25622.800358946275,0.37,0.8400000000000001,8466923.9162172
12582.162388997502,2575.922867398517,25927.833696552614,0.37,0.8500000000000001,8567720.6295055
12730.187828868045,2606.227842309172,26232.867034159073,0.37,0.86,8668517.3427938
12878.213268738764,2636.5328172195996,26537.90037176575,0.37,0.87,8769314.0560821
13026.23870860925,2666.8377921302545,26842.93370937221,0.37,0.88,8870110.7693704
13174.264148479735,2697.142767040915,27147.96704697878,0.37,0.89,8970907.482658701
13322.289588350279,2727.447741951337,27453.000384585117,0.37,0.9,9071704.195947
7372.824204786855,1509.4246822808202,15193.045038330569,0.38,0.5,5020464.37521
7520.280688882456,1539.6131759264915,15496.905939097192,0.38,0.51,5120873.6627142
7667.737172978232,1569.8016695720523,15800.766839863933,0.38,0.52,5221282.9502184
7815.193657074007,1599.990163217846,16104.627740630553,0.38,0.53,5321692.237722601
7962.6501411697245,1630.178656863177,16408.48864139707,0.38,0.54,5422101.525226801
8110.106625265442,1660.3671505089646,16712.349542163694,0.38,0.55,5522510.812731001
8257.563109361217,1690.5556441546448,17016.210442930318,0.38,0.56,5622920.1002352005
8405.019593456993,1720.7441378002027,17320.07134369706,0.38,0.5700000000000001,5723329.387739401
8552.47607755271,1750.9326314457635,17623.932244463682,0.38,0.58,5823738.6752436
8699.932561648486,1781.1211250913302,17927.793145230193,0.38,0.59,5924147.9627478
8847.389045744203,1811.3096187370045,18231.65404599682,0.38,0.6,6024557.250252
8994.845529839979,1841.4981123827895,18535.514946763444,0.38,0.61,6124966.5377562
9142.30201393558,1871.686606028356,18839.375847530067,0.38,0.62,6225375.8252604
9289.758498031355,1901.8750996739168,19143.236748296582,0.38,0.63,6325785.112764601
9437.214982126956,1932.0635933194776,19447.09764906343,0.38,0.64,6426194.400268801
9584.671466222906,1962.2520869651548,19750.958549829946,0.38,0.65,6526603.687773
9732.127950318565,1992.4405806108293,20054.81945059657,0.38,0.66,6627012.9752772
9879.58443441434,2022.6290742563901,20358.68035136319,0.38,0.67,6727422.2627814
10027.04091851,2052.8175679019537,20662.541252129817,0.38,0.6799999999999999,6827831.550285599
10174.497402605775,2083.0060615475145,20966.40215289633,0.38,0.69,6928240.8377898
10321.953886701493,2113.194555193302,21270.263053663064,0.38,0.7,7028650.125294
10469.41037079721,2143.3830488389794,21574.123954429582,0.38,0.71,7129059.4127982
10616.866854892985,2173.571542484427,21877.98485519632,0.38,0.72,7229468.7003024
10764.323338988761,2203.760036130101,22181.845755962942,0.38,0.73,7329877.9878066005
10911.779823084478,2233.948529775662,22485.706656729457,0.38,0.74,7430287.2753108
11059.236307180196,2264.137023421339,22789.567557496077,0.38,0.75,7530696.562815
11206.692791275913,2294.3255170669,23093.428458262704,0.38,0.76,7631105.8503192
11354.14927537163,2324.5140107124607,23397.289359029328,0.38,0.77,7731515.1378234
11501.605759467406,2354.7025043582544,23701.150259795842,0.38,0.78,7831924.425327601
11649.062243563123,2384.8909980038125,24005.011160562462,0.38,0.79,7932333.712831801
11796.51872765884,2415.079491649487,24308.872061329093,0.38,0.8,8032743.000336001
11943.975211754732,2445.267985295053,24612.732962095717,0.38,0.81,8133152.287840201
12091.431695850333,2475.4564789406113,24916.593862862457,0.38,0.8200000000000001,8233561.575344401
12238.888179946167,2505.644972586172,25220.454763628964,0.38,0.8300000000000001,8333970.862848601
12386.344664041826,2535.833466231852,25524.31566439559,0.38,0.8400000000000001,8434380.1503528
12533.801148137543,2566.0219598776403,25828.176565162215,0.38,0.8500000000000001,8534789.437857002
12681.257632233202,2596.210453522971,26132.03746592884,0.38,0.86,8635198.7253612
12828.71411632892,2626.3989471687646,26435.898366695346,0.38,0.87,8735608.0128654
12976.170600424754,2656.5874408143254,26739.759267462203,0.38,0.88,8836017.3003696
13123.62708452047,2686.77593446,27043.620168228605,0.38,0.89,8936426.5878738
13271.083568616188,2716.964428105677,27347.48106899534,0.38,0.9,9036835.875378001
7344.37641604559,1503.6006190333167,15134.423196336294,0.39,0.5,5001093.086005
7491.263944366481,1533.6726314137836,15437.11166026286,0.39,0.51,5101114.9477251
7638.151472687547,1563.7446437944805,15739.800124189653,0.39,0.52,5201136.8094452005
7785.039001008379,1593.816656175288,16042.488588116452,0.39,0.53,5301158.6711653005
7931.926529329212,1623.8886685558712,16345.177052043244,0.39,0.54,5401180.532885401
8078.814057650103,1653.9606809365653,16647.865515969926,0.39,0.55,5501202.394605501
8225.70158597111,1684.032693317262,16950.553979896493,0.39,0.56,5601224.256325601
8372.589114292,1714.1047056978452,17253.242443823285,0.39,0.5700000000000001,5701246.118045701
8519.47664261295,1744.1767180785394,17555.930907750084,0.39,0.58,5801267.9797658
8666.36417093384,1774.2487304593496,17858.619371676876,0.39,0.59,5901289.8414859
8813.25169925479,1804.3207428400435,18161.307835603555,0.39,0.6,6001311.703206
8960.13922757568,1834.392755220627,18463.99629953012,0.39,0.61,6101333.5649261
9107.026755896572,1864.4647676013267,18766.684763456917,0.39,0.62,6201355.4266462
9253.914284217462,1894.5367799817964,19069.373227383596,0.39,0.63,6301377.288366301
9400.801812538411,1924.6087923624875,19372.06169131039,0.39,0.64,6401399.150086401
9547.689340859186,1954.680804743068,19674.750155237183,0.39,0.65,6501421.011806501
9694.576869180135,1984.7528171238812,19977.438619163862,0.39,0.66,6601442.873526601
9841.464397501142,2014.824829504578,20280.12708309066,0.39,0.67,6701464.735246701
9988.351925822091,2044.8968418852749,20582.815547017453,0.39,0.6799999999999999,6801486.5969668
10135.239454142924,2074.968854265855,20885.504010944245,0.39,0.69,6901508.4586869
10282.126982463815,2105.0408666465464,21188.192474870815,0.39,0.7,7001530.320407
10429.014510784764,2135.1128790273597,21490.880938797494,0.39,0.71,7101552.1821271
10575.90203910583,2165.1848914080565,21793.56940272429,0.39,0.72,7201574.0438472
10722.789567426604,2195.2569037886396,22096.257866650853,0.39,0.73,7301595.9055673005
10869.677095747495,2225.3289161691064,22398.946330577648,0.39,0.74,7401617.767287401
11016.564624068385,2255.400928549803,22701.634794504327,0.39,0.75,7501639.629007501
11163.452152389218,2285.4729409305032,23004.323258431123,0.39,0.76,7601661.490727601
11310.339680710225,2315.5449533110805,23307.01172235792,0.39,0.77,7701683.352447701
11457.227209031233,2345.616965691891,23609.70018628471,0.39,0.78,7801705.214167801
11604.114737352065,2375.688978072585,23912.388650211506,0.39,0.79,7901727.075887901
11751.002265673014,2405.760990453282,24215.077114138072,0.39,0.8,8001748.937608001
11897.889793993847,2435.833002833868,24517.76557806475,0.39,0.81,8101770.799328101
12044.777322314854,2465.905015214559,24820.454041991547,0.39,0.8200000000000001,8201792.661048201
12191.664850635862,2495.9770275953692,25123.142505918113,0.39,0.8300000000000001,8301814.522768301
12338.552378956636,2526.0490399760633,25425.830969844912,0.39,0.8400000000000001,8401836.384488402
12485.439907277469,2556.1210523565333,25728.51943377159,0.39,0.8500000000000001,8501858.246208502
12632.32743559836,2586.193064737119,26031.207897698383,0.39,0.86,8601880.1079286
12779.214963919309,2616.2650771178132,26333.89636162518,0.39,0.87,8701901.9696487
12926.102492240316,2646.33708949851,26636.584825551967,0.39,0.88,8801923.8313688
13072.990020561148,2676.4091018790878,26939.273289478653,0.39,0.89,8901945.6930889
13219.877548882097,2706.481114259898,27241.961753405445,0.39,0.9,9001967.554809
7315.9286273045,1497.7765557856999,15075.80135434191,0.4,0.5,4981721.796800001
7462.247199850506,1527.7320869014163,15377.317381428644,0.4,0.51,5081356.232736001
7608.565772396629,1557.6876180171328,15678.83340851561,0.4,0.52,5180990.668672001
7754.88434494281,1587.6431491327357,15980.349435602457,0.4,0.53,5280625.104608001
7901.202917488816,1617.5986802484522,16281.865462689308,0.4,0.54,5380259.540544001
8047.521490034938,1647.554211364282,16583.381489776042,0.4,0.55,5479893.976480001
8193.84006258112,1677.5097424797716,16884.897516862773,0.4,0.56,5579528.412416001
8340.158635127125,1707.4652735955956,17186.41354394974,0.4,0.5700000000000001,5679162.848352001
8486.477207673131,1737.420804711321,17487.92957103659,0.4,0.58,5778797.284288
8632.795780219312,1767.3763358270314,17789.445598123442,0.4,0.59,5878431.7202240005
8779.114352765318,1797.3318669426344,18090.96162521029,0.4,0.6,5978066.156160001
8925.432925311441,1827.2873980583508,18392.477652297028,0.4,0.61,6077700.592096001
9071.751497857564,1857.2429291741807,18693.993679384108,0.4,0.62,6177335.028032001
9218.070070403512,1887.1984602898972,18995.509706470726,0.4,0.63,6276969.463968
9364.388642949576,1917.1539914055002,19297.025733557577,0.4,0.64,6376603.899904001
9510.707215495873,1947.1095225212166,19598.541760644428,0.4,0.65,6476238.335840001
9657.025788041821,1977.0650536371572,19900.05778773127,0.4,0.66,6575872.771776001
9803.344360587827,2007.0205847528737,20201.57381481824,0.4,0.67,6675507.207712001
9949.662933134008,2036.9761158684764,20503.089841904857,0.4,0.6799999999999999,6775141.643648
10095.98150568013,2066.931646984193,20804.605868991817,0.4,0.69,6874776.079584001
10242.300078226137,2096.8871781000257,21106.121896078555,0.4,0.7,6974410.515520001
10388.618650772318,2126.842709215742,21407.637923165523,0.4,0.71,7074044.951456
10534.937223318382,2156.7982403313454,21709.15395025237,0.4,0.72,7173679.387392
10681.255795864447,2186.753771447062,22010.669977339217,0.4,0.73,7273313.8233280005
10827.574368410627,2216.7093025627782,22312.18600442607,0.4,0.74,7372948.259264001
10973.892940956692,2246.664833678381,22613.702031512807,0.4,0.75,7472582.695200001
11120.211513502814,2276.6203647940974,22915.218058599658,0.4,0.76,7572217.131136001
11266.530086048879,2306.5758959099276,23216.734085686505,0.4,0.77,7671851.567072001
11412.848658595001,2336.531427025641,23518.250112773356,0.4,0.78,7771486.0030080015
11559.167231141066,2366.4869581413573,23819.76613986021,0.4,0.79,7871120.438944002
11705.485803687188,2396.4424892569605,24121.28216694694,0.4,0.8,7970754.874880001
11851.804376233194,2426.398020372677,24422.798194034014,0.4,0.81,8070389.310816001
11998.122948779317,2456.353551488504,24724.31422112064,0.4,0.8200000000000001,8170023.746752001
12144.441521325381,2486.3090826041125,25025.830248207487,0.4,0.8300000000000001,8269658.182688002
12290.760093871504,2516.2646137198262,25327.346275294338,0.4,0.8400000000000001,8369292.618624002
12437.078666417627,2546.2201448355427,25628.862302381298,0.4,0.8500000000000001,8468927.054560002
12583.397238963691,2576.175675951259,25930.37832946815,0.4,0.86,8568561.490496
12729.715811509755,2606.131207067086,26231.89435655477,0.4,0.87,8668195.926432
12876.03438405582,2636.086738182689,26533.410383641734,0.4,0.88,8767830.362368
13022.352956601942,2666.0422692984052,26834.926410728585,0.4,0.89,8867464.798304
13168.671529148007,2695.9978004141217,27136.442437815436,0.4,0.9,8967099.234240001
7287.480838563235,1491.9524925379724,15017.179512347522,0.41000000000000003,0.5,4962350.507595001
7433.230455334589,1521.7915423887084,15317.523102594314,0.41000000000000003,0.51,5061597.517746901
7578.980072105769,1551.6305922396716,15617.866692841335,0.41000000000000003,0.52,5160844.527898801
7724.729688877007,1581.4696420904047,15918.210283088238,0.41000000000000003,0.53,5260091.538050701
7870.479305648245,1611.3086919410273,16218.553873335142,0.41000000000000003,0.54,5359338.548202601
8016.228922419599,1641.1477417917633,16518.897463582274,0.41000000000000003,0.55,5458585.558354502
8161.978539190895,1670.9867916426158,16819.241053829184,0.41000000000000003,0.56,5557832.568506401
8307.72815596225,1700.8258414932382,17119.5846440762,0.41000000000000003,0.5700000000000001,5657079.578658301
8453.47777273343,1730.6648913443178,17419.928234323106,0.41000000000000003,0.58,5756326.588810201
8599.227389504667,1760.503941194943,17720.271824569892,0.41000000000000003,0.59,5855573.5989621
8744.977006275905,1790.3429910456791,18020.615414817137,0.41000000000000003,0.6,5954820.609114001
8890.726623047318,1820.1820408963017,18320.95900506393,0.41000000000000003,0.61,6054067.619265901
9036.476239818498,1850.0210907471514,18621.302595310837,0.41000000000000003,0.62,6153314.629417801
9182.225856589735,1879.8601405978875,18921.646185557856,0.41000000000000003,0.63,6252561.639569701
9327.975473360973,1909.6991904486235,19221.98977580476,0.41000000000000003,0.64,6351808.649721601
9473.72509013227,1939.538240299476,19522.333366051553,0.41000000000000003,0.65,6451055.659873501
9619.474706903507,1969.377290150212,19822.676956298572,0.41000000000000003,0.66,6550302.670025402
9765.224323674862,1999.2163400008344,20123.020546545704,0.41000000000000003,0.67,6649549.680177301
9910.973940446042,2029.0553898516841,20423.36413679249,0.41000000000000003,0.6799999999999999,6748796.690329201
10056.72355721728,2058.894439702426,20723.707727039513,0.41000000000000003,0.69,6848043.700481101
10202.473173988634,2088.7334895532754,21024.05131728642,0.41000000000000003,0.7,6947290.710633
10348.222790759755,2118.572539404125,21324.394907533435,0.41000000000000003,0.71,7046537.720784901
10493.972407531168,2148.4115892547475,21624.738497780454,0.41000000000000003,0.72,7145784.730936801
10639.722024302406,2178.2506391054835,21925.082088027135,0.41000000000000003,0.73,7245031.741088701
10785.471641073644,2208.089688956336,22225.42567827438,0.41000000000000003,0.74,7344278.751240601
10931.221257844823,2237.928738806953,22525.76926852117,0.41000000000000003,0.75,7443525.761392501
11076.970874616178,2267.7677886578053,22826.11285876808,0.41000000000000003,0.76,7542772.7715444015
11222.720491387474,2297.6068385086546,23126.456449015095,0.41000000000000003,0.77,7642019.781696301
11368.470108158712,2327.4458883593907,23426.800039262,0.41000000000000003,0.78,7741266.791848201
11514.21972492995,2357.2849382100135,23727.143629509013,0.41000000000000003,0.79,7840513.802000102
11659.969341701246,2387.1239880607495,24027.487219756036,0.41000000000000003,0.8,7939760.812152002
11805.718958472484,2416.963037911599,24327.830810002943,0.41000000000000003,0.81,8039007.822303901
11951.468575243896,2446.8020877624513,24628.17440024996,0.41000000000000003,0.8200000000000001,8138254.832455802
12097.218192015076,2476.6411376133037,24928.517990496755,0.41000000000000003,0.8300000000000001,8237501.842607702
12242.967808786314,2506.4801874639265,25228.86158074377,0.41000000000000003,0.8400000000000001,8336748.8527596025
12388.717425557552,2536.3192373146653,25529.2051709909,0.41000000000000003,0.8500000000000001,8435995.862911502
12534.46704232879,2566.158287165288,25829.548761237693,0.41000000000000003,0.86,8535242.8730634
12680.216659100086,2595.9973370161374,26129.892351484596,0.41000000000000003,0.87,8634489.8832153
12825.966275871324,2625.836386866987,26430.235941731615,0.41000000000000003,0.88,8733736.893367201
12971.715892642678,2655.675436717723,26730.579531978525,0.41000000000000003,0.89,8832983.903519101
13117.465509413858,2685.5144865685756,27030.923122225315,0.41000000000000003,0.9,8932230.913671002
7259.0330498220865,1486.128429290466,14958.557670353024,0.42,0.5,4942979.218390001
7404.213710818556,1515.8509978762247,15257.728823760099,0.42,0.51,5041838.8027578015
7549.394371814968,1545.5735664620938,15556.899977167177,0.42,0.52,5140698.387125601
7694.575032811321,1575.2961350478554,15856.071130574246,0.42,0.53,5239557.971493402
7839.755693807907,1605.018703633611,16155.242283981315,0.42,0.54,5338417.555861201
7984.93635480426,1634.7412722193637,16454.41343738828,0.42,0.55,5437277.140229002
8130.11701580073,1664.4638408051223,16753.58459079535,0.42,0.56,5536136.724596801
8275.2976767972,1694.186409391105,17052.755744202426,0.42,0.5700000000000001,5634996.308964602
8420.478337793611,1723.9089779768665,17351.926897609505,0.42,0.58,5733855.8933324
8565.658998790139,1753.631546562625,17651.098051016572,0.42,0.59,5832715.477700201
8710.839659786492,1783.3541151486077,17950.269204423763,0.42,0.6,5931575.062068001
8856.020320782962,1813.0766837343604,18249.44035783084,0.42,0.61,6030434.646435801
9001.200981779373,1842.799252320119,18548.611511237796,0.42,0.62,6129294.230803601
9146.381642775785,1872.521820905767,18847.782664644874,0.42,0.63,6228153.815171401
9291.562303772313,1902.2443894917496,19146.95381805195,0.42,0.64,6327013.3995392015
9436.742964768666,1931.9669580775083,19446.12497145891,0.42,0.65,6425872.983907001
9581.923625765252,1961.689526663264,19745.29612486598,0.42,0.66,6524732.568274802
9727.104286761663,1991.4120952492435,20044.467278273056,0.42,0.67,6623592.152642602
9872.284947758017,2021.134663835005,20343.638431680356,0.42,0.6799999999999999,6722451.737010401
10017.465608754428,2050.8572324207635,20642.809585087205,0.42,0.69,6821311.321378201
10162.646269750898,2080.579801006519,20941.980738494276,0.42,0.7,6920170.905746001
10307.826930747367,2110.302369592505,21241.15189190135,0.42,0.71,7019030.490113801
10453.007591743837,2140.0249381782605,21540.3230453082,0.42,0.72,7117890.074481601
10598.188252740307,2169.747506764016,21839.494198715496,0.42,0.73,7216749.658849401
10743.368913736718,2199.4700753497746,22138.66535212257,0.42,0.74,7315609.243217201
10888.549574733188,2229.19264393553,22437.83650552965,0.42,0.75,7414468.8275850015
11033.730235729658,2258.9152125214023,22737.007658936607,0.42,0.76,7513328.411952802
11178.91089672601,2288.6377811072775,23036.178812343685,0.42,0.77,7612187.996320602
11324.09155772248,2318.36034969303,23335.349965750756,0.42,0.78,7711047.580688402
11469.272218719008,2348.0829182788993,23634.52111915783,0.42,0.79,7809907.165056202
11614.45287971542,2377.8054868646577,23933.69227256491,0.42,0.8,7908766.749424002
11759.633540711773,2407.528055450527,24232.86342597198,0.42,0.81,8007626.333791802
11904.814201708185,2437.250624036402,24532.03457937905,0.42,0.8200000000000001,8106485.918159602
12049.99486270477,2466.973192621934,24831.20573278613,0.42,0.8300000000000001,8205345.502527403
12195.175523701066,2496.695761207913,25130.3768861932,0.42,0.8400000000000001,8304205.086895202
12340.356184697594,2526.418329793669,25429.54803960027,0.42,0.8500000000000001,8403064.671263002
12485.536845694005,2556.1408983794304,25728.71919300735,0.42,0.86,8501924.255630802
12630.717506690475,2585.863466965189,26027.89034641431,0.42,0.87,8600783.839998601
12775.89816768706,2615.586035551172,26327.061499821382,0.42,0.88,8699643.424366402
12921.078828683298,2645.3086041369274,26626.232653228686,0.42,0.89,8798503.008734202
13066.259489679767,2675.031172722683,26925.40380663553,0.42,0.9,8897362.593102003
7230.58526108088,1480.3043660428523,14899.935828358519,0.43,0.5,4923607.929185
7375.196966302523,1509.9104533635168,15197.93454492565,0.43,0.51,5022080.0877687
7519.808671524166,1539.5165406846327,15495.933261492892,0.43,0.52,5120552.246352401
7664.420376745809,1569.1226280052972,15793.931978060138,0.43,0.53,5219024.4049361
7809.032081967394,1598.7287153263053,16091.930694627266,0.43,0.54,5317496.563519801
7953.643787189154,1628.3348026470835,16389.92941119451,0.43,0.55,5415968.722103501
8098.255492410564,1657.9408899679695,16687.928127761643,0.43,0.56,5514440.8806872
8242.867197632266,1687.5469772887475,16985.926844328882,0.43,0.5700000000000001,5612913.039270901
8387.478902853909,1717.1530646095287,17283.925560896012,0.43,0.58,5711385.1978546
8532.090608075436,1746.7591519305308,17581.924277463255,0.43,0.59,5809857.3564383
8676.702313297137,1776.3652392514198,17879.922994030498,0.43,0.6,5908329.515022
8821.31401851878,1805.9713265723171,18177.921710597628,0.43,0.61,6006801.6736057
8965.925723740365,1835.577413892976,18475.920427164758,0.43,0.62,6105273.832189401
9110.537428962009,1865.1835012138677,18773.91914373177,0.43,0.63,6203745.9907731
9255.149134183652,1894.7895885347623,19071.917860299018,0.43,0.64,6302218.1493568
9399.760839405237,1924.395675855654,19369.916576866148,0.43,0.65,6400690.307940501
9544.37254462688,1954.0017631764263,19667.915293433387,0.43,0.66,6499162.4665242005
9688.984249848407,1983.607850497321,19965.914010000517,0.43,0.67,6597634.625107901
9833.59595507005,2013.2139378182126,20263.912726567763,0.43,0.6799999999999999,6696106.7836916
9978.207660291635,2042.8200251390986,20561.91144313489,0.43,0.69,6794578.9422753
10122.819365513336,2072.426112459769,20859.910159702136,0.43,0.7,6893051.100859
10267.431070734921,2102.0321997808846,21157.908876269263,0.43,0.71,6991523.2594427
10412.042775956506,2131.6382871015467,21455.90759283651,0.43,0.72,7089995.4180264
10556.65448117815,2161.2443744225548,21753.906309403636,0.43,0.73,7188467.5766101
10701.266186399735,2190.8504617433327,22051.90502597088,0.43,0.74,7286939.7351938
10845.877891621378,2220.4565490642217,22349.90374253812,0.43,0.75,7385411.893777501
10990.489596842905,2250.0626363849997,22647.90245910503,0.43,0.76,7483884.052361201
11135.101302064548,2279.6687237058914,22945.901175672156,0.43,0.77,7582356.2109449
11279.71300728625,2309.274811026783,23243.8998922394,0.43,0.78,7680828.369528601
11424.324712507892,2338.8808983476747,23541.898608806645,0.43,0.79,7779300.528112301
11568.93641772942,2368.4869856685636,23839.89732537377,0.43,0.8,7877772.686696
11713.54812295112,2398.093072989228,24137.896041941018,0.43,0.81,7976244.845279701
11858.159828172647,2427.6991603101196,24435.894758508144,0.43,0.8200000000000001,8074717.003863401
12002.771533394407,2457.305247631125,24733.893475075387,0.43,0.8300000000000001,8173189.162447101
12147.383238615876,2486.9113349519002,25031.89219164252,0.43,0.8400000000000001,8271661.321030801
12291.994943837519,2516.517422272798,25329.89090820976,0.43,0.8500000000000001,8370133.479614501
12436.606649059278,2546.12350959357,25627.889624777006,0.43,0.86,8468605.6381982
12581.218354280805,2575.7295969143483,25925.888341344136,0.43,0.87,8567077.796781901
12725.830059502448,2605.3356842353564,26223.887057911263,0.43,0.88,8665549.9553656
12870.44176472415,2634.941771556129,26521.88577447851,0.43,0.89,8764022.1139493
13015.053469945677,2664.547858877134,26819.88449104564,0.43,0.9,8862494.272533001
7202.137472339731,1474.4803027952353,14841.31398636425,0.44,0.5,4904236.63998
7346.180221786548,1503.9699088511495,15138.14026609132,0.44,0.51,5002321.3727796
7490.222971233365,1533.4595149069473,15434.966545818846,0.44,0.52,5100406.1055792
7634.265720680181,1562.949120962972,15731.792825546147,0.44,0.53,5198490.838378801
7778.30847012694,1592.4387270188834,16028.619105273443,0.44,0.54,5296575.571178401
7922.3512195736985,1621.9283330746841,16325.445385000743,0.44,0.55,5394660.303978001
8066.393969020457,1651.417939130706,16622.271664728047,0.44,0.56,5492745.036777601
8210.436718467332,1680.9075451865037,16919.09794445534,0.44,0.5700000000000001,5590829.769577201
8354.479467914149,1710.397151242415,17215.924224182414,0.44,0.58,5688914.5023768
8498.522217360907,1739.8867572982128,17512.75050390971,0.44,0.59,5786999.2351764
8642.564966807724,1769.3763633542376,17809.57678363701,0.44,0.6,5885083.967976
8786.60771625454,1798.8659694100354,18106.403063364305,0.44,0.61,5983168.7007756
8930.6504657013,1828.3555754659524,18403.229343091607,0.44,0.62,6081253.433575201
9074.693215148058,1857.8451815217445,18700.0556228189,0.44,0.63,6179338.166374801
9218.735964594875,1887.334787577775,18996.881902546203,0.44,0.64,6277422.899174401
9362.778714041691,1916.8243936339074,19293.708182273505,0.44,0.65,6375507.6319740005
9506.821463488508,1946.3139996895975,19590.534462000804,0.44,0.66,6473592.364773601
9650.864212935325,1975.8036057456195,19887.360741728102,0.44,0.67,6571677.097573201
9794.906962382083,2005.2932118015308,20184.187021455287,0.44,0.6799999999999999,6669761.8303728
9938.9497118289,2034.782817857445,20481.013301182695,0.44,0.69,6767846.5631724
10082.992461275659,2064.27242391324,20777.839580909997,0.44,0.7,6865931.295972
10227.035210722475,2093.7620299692676,21074.66586063718,0.44,0.71,6964016.028771601
10371.077960169234,2123.2516360250625,21371.49214036448,0.44,0.72,7062100.761571201
10515.12070961605,2152.7412420809765,21668.318420091895,0.44,0.73,7160185.4943708
10659.163459062867,2182.2308481367745,21965.14469981919,0.44,0.74,7258270.2271704
10803.206208509684,2211.7204541927963,22261.970979546375,0.44,0.75,7356354.959970001
10947.248957956443,2241.2100602487135,22558.797259273677,0.44,0.76,7454439.692769601
11091.29170740326,2270.699666304511,22855.62353900097,0.44,0.77,7552524.425569201
11235.334456850018,2300.189272360536,23152.449818728273,0.44,0.78,7650609.158368801
11379.377206296835,2329.6788784163277,23449.27609845557,0.44,0.79,7748693.891168401
11523.419955743593,2359.168484472245,23746.10237818287,0.44,0.8,7846778.623968001
11667.46270519041,2388.6580905280425,24042.928657910168,0.44,0.81,7944863.356767601
11811.505454637227,2418.1476965840675,24339.754937637466,0.44,0.8200000000000001,8042948.089567201
11955.548204084043,2447.637302639865,24636.581217364765,0.44,0.8300000000000001,8141032.822366801
12099.59095353086,2477.1269086960037,24933.407497092063,0.44,0.8400000000000001,8239117.555166402
12243.633702977619,2506.6165147518013,25230.233776819136,0.44,0.8500000000000001,8337202.287966002
12387.676452424435,2536.106120807823,25527.06005654643,0.44,0.86,8435287.0207656
12531.719201871078,2565.5957268637376,25823.886336273732,0.44,0.87,8533371.753565202
12675.76195131801,2595.085332919535,26120.712616001256,0.44,0.88,8631456.4863648
12819.80470076477,2624.57493897556,26417.53889572833,0.44,0.89,8729541.219164401
12963.847450211586,2654.0645450313577,26714.365175455852,0.44,0.9,8827625.951964
7173.689683598466,1468.656239547505,14782.692144369976,0.45,0.5,4884865.350775001
7317.163477270515,1498.0293643384416,15078.345987257104,0.45,0.51,4982562.657790501
7460.637270942505,1527.402489129486,15373.999830144574,0.45,0.52,5080259.964806001
7604.111064614495,1556.7756139204168,15669.653673031928,0.45,0.53,5177957.271821501
7747.5848582864855,1586.1487387112372,15965.30751591939,0.45,0.54,5275654.578837001
7891.058651958418,1615.521863502395,16260.96135880675,0.45,0.55,5373351.885852501
8034.532445630466,1644.8949882932125,16556.615201694214,0.45,0.56,5471049.192868001
8178.006239302456,1674.2681130841463,16852.26904458157,0.45,0.5700000000000001,5568746.499883502
8321.480032974272,1703.6412378751907,17147.922887469034,0.45,0.58,5666443.806899
8464.95382664632,1733.0143626661215,17443.57673035639,0.45,0.59,5764141.1139145
8608.427620318253,1762.3874874570554,17739.230573243858,0.45,0.6,5861838.420930001
8751.901413990301,1791.7606122480997,18034.884416131215,0.45,0.61,5959535.727945501
8895.375207662233,1821.1337370390306,18330.5382590188,0.45,0.62,6057233.034961001
9038.849001334282,1850.506861829851,18626.19210190592,0.45,0.63,6154930.341976501
9182.322795006272,1879.8799866210088,18921.845944793615,0.45,0.64,6252627.648992001
9325.796588678146,1909.2531114118292,19217.499787680747,0.45,0.65,6350324.956007501
9469.270382350194,1938.626236202763,19513.153630568213,0.45,0.66,6448022.263023001
9612.744176022068,1967.999360993691,19808.807473455563,0.45,0.67,6545719.570038501
9756.217969694058,1997.3724857847383,20104.461316343033,0.45,0.6799999999999999,6643416.877054
9899.691763366107,2026.7456105756692,20400.115159230387,0.45,0.69,6741114.1840695
10043.165557038039,2056.1187353664864,20695.769002117857,0.45,0.7,6838811.491085
10186.639350710087,2085.4918601576474,20991.42284500521,0.45,0.71,6936508.7981005
10330.11314438202,2114.8649849483513,21287.076687892568,0.45,0.72,7034206.105116
10473.586938053952,2144.2381097394014,21582.730530779914,0.45,0.73,7131903.4121315
10617.060731725942,2173.6112345304427,21878.384373667384,0.45,0.74,7229600.719147
10760.534525397874,2202.984359321377,22174.038216554738,0.45,0.75,7327298.026162501
10904.008319069864,2232.3574841123045,22469.692059442208,0.45,0.76,7424995.333178001
11047.482112741796,2261.730608903355,22765.34590232956,0.45,0.77,7522692.6401935015
11190.955906413728,2291.1037336942827,23060.99974521703,0.45,0.78,7620389.9472090015
11334.429700085719,2320.4768584851004,23356.653588104382,0.45,0.79,7718087.254224502
11477.903493757767,2349.8499832761504,23652.30743099185,0.45,0.8,7815784.561240002
11621.377287429816,2379.2231080670786,23947.96127387921,0.45,0.81,7913481.868255502
11764.85108110169,2408.5962328580154,24243.615116766676,0.45,0.8200000000000001,8011179.175271002
11908.324874773738,2437.9693576490567,24539.268959654026,0.45,0.8300000000000001,8108876.482286502
12051.79866844567,2467.3424824399935,24834.92280254138,0.45,0.8400000000000001,8206573.789302002
12195.272462117602,2496.7156072309213,25130.576645428737,0.45,0.8500000000000001,8304271.096317502
12338.746255789592,2526.0887320217416,25426.230488316203,0.45,0.86,8401968.403333
12482.220049461524,2555.461856812789,25721.884331203557,0.45,0.87,8499665.710348502
12625.693843133515,2584.834981603717,26017.538174091023,0.45,0.88,8597363.017364
12769.167636805563,2614.2081063946507,26313.192016978377,0.45,0.89,8695060.324379502
12912.641430477495,2643.581231185692,26608.84585986573,0.45,0.9,8792757.631395001
7145.241894857434,1462.8321763000015,14724.070302375478,0.46,0.5,4865494.061570001
7288.1467327544815,1492.0888198260684,15018.551708422776,0.46,0.51,4962803.942801401
7431.051570651762,1521.3454633520248,15313.03311447041,0.46,0.52,5060113.824032801
7573.956408548809,1550.6021068778648,15607.514520518047,0.46,0.53,5157423.705264201
7716.861246445973,1579.8587504038123,15901.995926565454,0.46,0.54,5254733.586495602
7859.766084343253,1609.1153939298822,16196.47733261298,0.46,0.55,5352043.467727002
8002.670922240417,1638.3720374560626,16490.958738660614,0.46,0.56,5449353.348958401
8145.575760137523,1667.62868098201,16785.440144708027,0.46,0.5700000000000001,5546663.230189801
8288.480598034628,1696.8853245078528,17079.921550755553,0.46,0.58,5643973.1114212
8431.385435931792,1726.1419680338063,17374.40295680296,0.46,0.59,5741282.992652601
8574.29027382884,1755.398611559984,17668.884362850597,0.46,0.6,5838592.873884001
8717.195111726061,1784.6552550860508,17963.365768898006,0.46,0.61,5935902.755115401
8860.099949623225,1813.911898612004,18257.847174945528,0.46,0.62,6033212.636346801
9003.004787520389,1843.1685421378384,18552.32858099305,0.46,0.63,6130522.517578201
9145.909625417553,1872.4251856637945,18846.809987040575,0.46,0.64,6227832.398809602
9288.814463314658,1901.681829189975,19141.2913930881,0.46,0.65,6325142.280041002
9431.719301211648,1930.938472716039,19435.77279913551,0.46,0.66,6422452.161272401
9574.624139108986,1960.1951162419923,19730.254205183148,0.46,0.67,6519762.042503801
9717.528977006092,1989.4517597678323,20024.73561123067,0.46,0.6799999999999999,6617071.9237352
9860.433814903197,2018.7084032940097,20319.21701727808,0.46,0.69,6714381.804966601
10003.33865280042,2047.9650468199632,20613.6984233256,0.46,0.7,6811691.686198001
10146.243490697525,2077.221690345914,20908.179829373126,0.46,0.71,6909001.567429401
10289.14832859463,2106.478333871981,21202.661235420648,0.46,0.72,7006311.448660801
10432.05316649191,2135.7349773978235,21497.142641468057,0.46,0.73,7103621.329892201
10574.9580043889,2164.991620923771,21791.624047515692,0.46,0.74,7200931.2111236015
10717.86284228618,2194.2482644499514,22086.105453563217,0.46,0.75,7298241.092355002
10860.767680183228,2223.504907975908,22380.586859610623,0.46,0.76,7395550.973586401
11003.67251808045,2252.761551501969,22675.06826565815,0.46,0.77,7492860.854817801
11146.577355977672,2282.018195027809,22969.549671705903,0.46,0.78,7590170.736049201
11289.482193874719,2311.274838553989,23264.031077753196,0.46,0.79,7687480.6172806015
11432.387031771766,2340.5314820799395,23558.512483800605,0.46,0.8,7784790.498512002
11575.291869668989,2369.788125605893,23852.99388984824,0.46,0.81,7882100.379743402
11718.196707566269,2399.04476913196,24147.475295895878,0.46,0.8200000000000001,7979410.260974802
11861.101545463316,2428.301412657797,24441.956701943174,0.46,0.8300000000000001,8076720.142206202
12004.00638336048,2457.5580561839774,24736.4381079907,0.46,0.8400000000000001,8174030.023437602
12146.911221257644,2486.8146997099307,25030.919514038447,0.46,0.8500000000000001,8271339.904669003
12289.816059154808,2516.071343235887,25325.400920085744,0.46,0.86,8368649.785900401
12432.720897051855,2545.327986761948,25619.882326133265,0.46,0.87,8465959.667131802
12575.625734949135,2574.5846302879017,25914.363732180907,0.46,0.88,8563269.548363201
12718.53057284624,2603.8412738139714,26208.84513822843,0.46,0.89,8660579.429594602
12861.435410743346,2633.097917339919,26503.326544275726,0.46,0.9,8757889.310826002
7116.794106116169,1457.0081130521664,14665.448460380976,0.47000000000000003,0.5,4846122.772365
7259.129988238565,1486.14827531325,14958.757429588559,0.47000000000000003,0.51,4943045.2278123
7401.465870360844,1515.2884375743336,15252.066398796247,0.47000000000000003,0.52,5039967.6832596
7543.801752483239,1544.4285998355338,15545.375368003832,0.47000000000000003,0.53,5136890.1387069
7686.137634605577,1573.568762096623,15838.684337211402,0.47000000000000003,0.54,5233812.5941542005
7828.473516727856,1602.7089243574826,16131.9933064191,0.47000000000000003,0.55,5330735.049601501
7970.809398850193,1631.8490866185691,16425.302275626676,0.47000000000000003,0.56,5427657.5050488
8113.145280972472,1660.9892488796527,16718.61124483448,0.47000000000000003,0.5700000000000001,5524579.960496101
8255.481163094868,1690.1294111407392,17011.920214042177,0.47000000000000003,0.58,5621502.4159434
8397.817045217147,1719.2695734017152,17305.229183249525,0.47000000000000003,0.59,5718424.871390699
8540.152927339484,1748.4097356628017,17598.53815245733,0.47000000000000003,0.6,5815347.326838
8682.48880946188,1777.5498979238882,17891.847121664912,0.47000000000000003,0.61,5912269.7822853
8824.824691584101,1806.6900601848554,18185.15609087249,0.47000000000000003,0.62,6009192.2377326
8967.16057370638,1835.830222445942,18478.465060080187,0.47000000000000003,0.63,6106114.6931799
9109.496455828776,1864.9703847070343,18771.774029287757,0.47000000000000003,0.64,6203037.1486272
9251.832337951171,1894.1105469678937,19065.082998495338,0.47000000000000003,0.65,6299959.6040745005
9394.168220073567,1923.250709229094,19358.39196770303,0.47000000000000003,0.66,6396882.059521801
9536.504102195846,1952.3908714901745,19651.70093691061,0.47000000000000003,0.67,6493804.5149691
9678.839984318125,1981.531033751261,19945.00990611819,0.47000000000000003,0.6799999999999999,6590726.9704164
9821.175866440404,2010.6711960121233,20238.31887532588,0.47000000000000003,0.69,6687649.4258637
9963.511748562742,2039.8113582732099,20531.627844533345,0.47000000000000003,0.7,6784571.881310999
10105.84763068502,2068.9515205342964,20824.93681374104,0.47000000000000003,0.71,6881494.3367583
10248.183512807416,2098.091682795383,21118.245782948616,0.47000000000000003,0.72,6978416.7922056
10390.519394929754,2127.231845056583,21411.55475215631,0.47000000000000003,0.73,7075339.2476529
10532.85527705215,2156.3720073174427,21704.863721364116,0.47000000000000003,0.74,7172261.7031002
10675.191159174428,2185.512169578529,21998.172690571697,0.47000000000000003,0.75,7269184.1585475
10817.52704129665,2214.652331839502,22291.481659779158,0.47000000000000003,0.76,7366106.6139948005
10959.862923419045,2243.7924941005886,22584.79062898696,0.47000000000000003,0.77,7463029.0694421
11102.198805541324,2272.932656361448,22878.099598194545,0.47000000000000003,0.78,7559951.5248894
11244.53468766372,2302.072818622648,23171.408567402123,0.47000000000000003,0.79,7656873.980336701
11386.870569785999,2331.2129808837344,23464.717536609816,0.47000000000000003,0.8,7753796.435784001
11529.206451908394,2360.353143144821,23758.026505817168,0.47000000000000003,0.81,7850718.8912313
11671.542334030615,2389.4933054059074,24051.335475024975,0.47000000000000003,0.8200000000000001,7947641.346678601
11813.878216152953,2418.633467666994,24344.64444423255,0.47000000000000003,0.8300000000000001,8044563.802125901
11956.21409827529,2447.7736299278536,24637.95341344013,0.47000000000000003,0.8400000000000001,8141486.257573201
12098.549980397685,2476.91379218894,24931.262382647823,0.47000000000000003,0.8500000000000001,8238408.713020501
12240.885862520023,2506.053954450137,25224.5713518554,0.47000000000000003,0.86,8335331.1684678
12383.221744642244,2535.1941167112236,25517.880321062974,0.47000000000000003,0.87,8432253.6239151
12525.557626764697,2564.334278972083,25811.18929027067,0.47000000000000003,0.88,8529176.0793624
12667.89350888686,2593.474441233167,26104.49825947825,0.47000000000000003,0.89,8626098.534809701
12810.229391009256,2622.614603494143,26397.807228685942,0.47000000000000003,0.9,8723020.990257
7088.346317375079,1451.1840498046631,14606.826618386476,0.48,0.5,4826751.48316
7230.11324372259,1480.2077308008827,14898.963150754229,0.48,0.51,4923286.512823201
7371.880170070042,1509.2314117968783,15191.09968312209,0.48,0.52,5019821.5424864
7513.647096417553,1538.2550927929844,15483.236215489831,0.48,0.53,5116356.572149601
7655.414022765064,1567.2787737890876,15775.372747857582,0.48,0.54,5212891.6018128
7797.180949112633,1596.3024547851937,16067.509280225331,0.48,0.55,5309426.631476001
7938.947875460144,1625.3261357812999,16359.64581259296,0.48,0.56,5405961.6611392
8080.714801807597,1654.349816777406,16651.782344960713,0.48,0.5700000000000001,5502496.690802401
8222.481728155108,1683.3734977734014,16943.91887732846,0.48,0.58,5599031.7204656
8364.24865450256,1712.3971787696212,17236.055409696208,0.48,0.59,5695566.7501288
8506.015580850071,1741.4208597656136,17528.191942064066,0.48,0.6,5792101.779792001
8647.78250719764,1770.4445407616063,17820.328474431815,0.48,0.61,5888636.8094552
8789.549433544977,1799.4682217578288,18112.465006799335,0.48,0.62,5985171.839118401
8931.316359892604,1828.4919027538215,18404.601539167197,0.48,0.63,6081706.8687816
9073.083286240057,1857.5155837499335,18696.738071534946,0.48,0.64,6178241.898444801
9214.850212587568,1886.5392647462666,18988.874603902692,0.48,0.65,6274776.928108
9356.617138935137,1915.5629457422592,19281.011136270437,0.48,0.66,6371311.957771201
9498.38406528259,1944.5866267382519,19573.147668638187,0.48,0.67,6467846.987434401
9640.1509916301,1973.6103077344715,19865.284201005827,0.48,0.6799999999999999,6564382.0170976
9781.917917977611,2002.633988730467,20157.42073337357,0.48,0.69,6660917.0467608
9923.684844325122,2031.6576697266867,20449.557265741205,0.48,0.7,6757452.076424
10065.451770672691,2060.6813507226793,20741.693798108954,0.48,0.71,6853987.1060872
10207.218697020086,2089.7050317187854,21033.830330476703,0.48,0.72,6950522.1357504
10348.985623367655,2118.7287127148884,21325.96686284445,0.48,0.73,7047057.1654136
10490.752549715166,2147.7523937109945,21618.103395212198,0.48,0.74,7143592.1950768
10632.519476062676,2176.776074707104,21910.23992757983,0.48,0.75,7240127.22474
10774.28640241007,2205.79975570321,22202.37645994758,0.48,0.76,7336662.254403201
10916.053328757582,2234.8234366992024,22494.512992315438,0.48,0.77,7433197.2840664005
11057.820255105093,2263.847117695422,22786.649524683184,0.48,0.78,7529732.313729601
11199.587181452662,2292.8707986914205,23078.78605705094,0.48,0.79,7626267.343392801
11341.354107800173,2321.894479687413,23370.922589418682,0.48,0.8,7722802.373056001
11483.121034147684,2350.9181606836355,23663.05912178643,0.48,0.81,7819337.402719201
11624.887960495078,2379.9418416796284,23955.19565415406,0.48,0.8200000000000001,7915872.432382401
11766.654886842647,2408.9655226758478,24247.332186521817,0.48,0.8300000000000001,8012407.462045602
11908.421813190158,2437.9892036720676,24539.468718889562,0.48,0.8400000000000001,8108942.491708801
12050.188739537727,2467.01288466806,24831.605251257304,0.48,0.8500000000000001,8205477.521372002
12191.955665885238,2496.0365656640556,25123.74178362517,0.48,0.86,8302012.5510352
12333.72259223269,2525.0602466602754,25415.87831599292,0.48,0.87,8398547.5806984
12475.489518580202,2554.083927656265,25708.01484836044,0.48,0.88,8495082.6103616
12617.256444927596,2583.1076086524845,26000.151380728297,0.48,0.89,8591617.6400248
12759.023371275107,2612.1312896484774,26292.287913096046,0.48,0.9,8688152.669688001
7059.89852863393,1445.3599865570434,14548.204776392204,0.49,0.5,4807380.1939550005
7201.096499206615,1474.2671862881718,14839.168871920008,0.49,0.51,4903527.7978341
7342.294469779241,1503.1743860193005,15130.132967447926,0.49,0.52,4999675.401713201
7483.492440351867,1532.0815857505397,15421.097062975728,0.49,0.53,5095823.005592301
7624.6904109245515,1560.9887854816684,15712.061158503533,0.49,0.54,5191970.609471401
7765.888381497294,1589.8959852127941,16003.025254031558,0.49,0.55,5288118.213350501
7907.086352069979,1618.8031849439228,16293.989349559368,0.49,0.56,5384265.817229601
8048.284322642663,1647.7103846750485,16584.95344508717,0.49,0.5700000000000001,5480413.421108701
8189.482293215347,1676.6175844062907,16875.917540614973,0.49,0.58,5576561.0249878
8330.680263788032,1705.5247841374164,17166.881636142778,0.49,0.59,5672708.628866901
8471.878234360716,1734.431983868548,17457.845731670695,0.49,0.6,5768856.232746
8613.076204933284,1763.3391835996765,17748.809827198384,0.49,0.61,5865003.8366251
8754.274175506027,1792.2463833308022,18039.7739227263,0.49,0.62,5961151.440504201
8895.472146078711,1821.1535830618116,18330.73801825433,0.49,0.63,6057299.0443833005
9036.670116651454,1850.0607827932809,18621.702113781903,0.49,0.64,6153446.648262401
9177.868087224197,1878.9679825241797,18912.666209309933,0.49,0.65,6249594.252141501
9319.066057796823,1907.8751822553081,19203.63030483785,0.49,0.66,6345741.856020601
9460.264028369507,1936.7823819864338,19494.59440036554,0.49,0.67,6441889.459899701
9601.461998942134,1965.6895817175625,19785.558495893456,0.49,0.6799999999999999,6538037.0637788
9742.659969514818,1994.5967814488047,20076.52259142126,0.49,0.69,6634184.667657901
9883.857940087502,2023.5039811799304,20367.486686949178,0.49,0.7,6730332.271537
10025.055910660187,2052.411180911059,20658.450782476983,0.49,0.71,6826479.8754161
10166.253881232871,2081.318380642185,20949.414878004787,0.49,0.72,6922627.479295201
10307.451851805497,2110.2255803733133,21240.378973532588,0.49,0.73,7018775.0831743
10448.649822378182,2139.132780104439,21531.34306906062,0.49,0.74,7114922.687053401
10589.847792950924,2168.0399798356843,21822.30716458842,0.49,0.75,7211070.290932501
10731.04576352355,2196.947179566807,22113.271260116224,0.49,0.76,7307217.8948116
10872.243734096119,2225.8543792979385,22404.235355644025,0.49,0.77,7403365.498690701
11013.441704668861,2254.7615790290674,22695.199451171946,0.49,0.78,7499513.102569801
11154.639675241662,2283.668778760193,22986.16354669975,0.49,0.79,7595660.706448901
11295.83764581423,2312.5759784915485,23277.12764222755,0.49,0.8,7691808.310328001
11437.035616386915,2341.4831782226715,23568.09173775558,0.49,0.81,7787955.914207101
11578.233586959599,2370.3903779535704,23859.055833283386,0.49,0.8200000000000001,7884103.5180862015
11719.431557532342,2399.2975776849257,24150.01992881119,0.49,0.8300000000000001,7980251.121965301
11860.62952810491,2428.2047774158245,24440.984024338875,0.49,0.8400000000000001,8076398.725844402
12001.827498677652,2457.111977146953,24731.94811986668,0.49,0.8500000000000001,8172546.329723502
12143.025469250395,2486.019176878195,25022.912215394485,0.49,0.86,8268693.9336026
12284.223439822963,2514.926376609321,25313.87631092251,0.49,0.87,8364841.537481701
12425.421410395647,2543.83357634045,25604.84040645032,0.49,0.88,8460989.1413608
12566.619380968332,2572.7407760715755,25895.804501978124,0.49,0.89,8557136.7452399
12707.817351541074,2601.647975802704,26186.76859750604,0.49,0.9,8653284.349119002
7031.4507398927235,1439.5359233094293,14489.58293439793,0.5,0.5,4788008.904750001
7172.07975469064,1468.3266417758045,14779.374593085791,0.5,0.51,4883769.082845001
7312.708769488381,1497.1173602418394,15069.166251773759,0.5,0.52,4979529.260940001
7453.337784286414,1525.9080787079877,15358.957910461735,0.5,0.53,5075289.439035001
7593.966799084155,1554.6987971742465,15648.749569149593,0.5,0.54,5171049.617130001
7734.595813881955,1583.4895156405082,15938.541227837564,0.5,0.55,5266809.795225001
7875.224828679813,1612.2802341065428,16228.332886525539,0.5,0.56,5362569.973320002
8015.853843477787,1641.0709525729183,16518.124545213625,0.5,0.5700000000000001,5458330.151415002
8156.482858275471,1669.8616710389472,16807.916203901375,0.5,0.58,5554090.329510001
8297.111873073445,1698.6523895052146,17097.707862589454,0.5,0.59,5649850.507605
8437.740887871245,1727.44310797136,17387.499521277427,0.5,0.6,5745610.6857
8578.36990266922,1756.2338264376217,17677.291179965287,0.5,0.61,5841370.863795001
8718.99891746696,1785.0245449036565,17967.082838653372,0.5,0.62,5937131.041890001
8859.627932264877,1813.8152633699212,18256.87449734123,0.5,0.63,6032891.219985001
9000.256947062677,1842.6059818360666,18546.666156029092,0.5,0.64,6128651.398080001
9140.885961860651,1871.3967003023283,18836.45781471729,0.5,0.65,6224411.576175001
9281.514976658393,1900.1874187685871,19126.249473405034,0.5,0.66,6320171.754270001
9422.14399145625,1928.9781372347354,19416.041132093123,0.5,0.67,6415931.932365001
9562.773006254109,1957.7688557009972,19705.832790781093,0.5,0.6799999999999999,6511692.11046
9703.402021051967,1986.559574167026,19995.624449469065,0.5,0.69,6607452.288555
9844.031035849825,2015.3502926334072,20285.416108156922,0.5,0.7,6703212.466650001
9984.660050647624,2044.1410110994389,20575.207766844895,0.5,0.71,6798972.644745001
10125.28906544554,2072.9317295657006,20864.99942553298,0.5,0.72,6894732.8228400005
10265.918080243398,2101.722448031849,21154.791084220727,0.5,0.73,6990493.000935
10406.547095041315,2130.5131664981136,21444.582742908922,0.5,0.74,7086253.179030001
10547.176109839056,2159.3038849641453,21734.374401596786,0.5,0.75,7182013.357125001
10687.805124636914,2188.094603430407,22024.166060284646,0.5,0.76,7277773.535220001
10828.43413943483,2216.8853218965523,22313.95771897273,0.5,0.77,7373533.713315002
10969.063154232805,2245.676040362814,22603.749377660588,0.5,0.78,7469293.891410002
11109.692169030488,2274.466758828849,22893.54103634856,0.5,0.79,7565054.069505001
11250.321183828404,2303.2574772952244,23183.33269503665,0.5,0.8,7660814.247600001
11390.950198626262,2332.048195761259,23473.12435372439,0.5,0.81,7756574.425695002
11531.57921342412,2360.8389142275178,23762.91601241248,0.5,0.8200000000000001,7852334.603790002
11672.20822822192,2389.6296326937795,24052.707671100452,0.5,0.8300000000000001,7948094.781885002
11812.837243019836,2418.420351159928,24342.49932978842,0.5,0.8400000000000001,8043854.959980002
11953.466257817578,2447.2110696261925,24632.29098847628,0.5,0.8500000000000001,8139615.1380750025
12094.095272615552,2476.001788092338,24922.082647164254,0.5,0.86,8235375.316170001
12234.724287413235,2504.792506558486,25211.87430585234,0.5,0.87,8331135.494265001
12375.35330221121,2533.5832250246312,25501.665964540083,0.5,0.88,8426895.672360001
12515.982317009068,2562.373943490893,25791.457623228285,0.5,0.89,8522655.850455001
12656.611331806984,2591.1646619570415,26081.24928191614,0.5,0.9,8618416.02855
7003.002951151575,1433.711860061929,14430.961092403435,0.51,0.5,4768637.615545001
7143.063010174665,1462.386097263094,14719.58031425146,0.51,0.51,4864010.367855901
7283.12306919758,1491.060334464378,15008.199536099488,0.51,0.52,4959383.120166801
7423.1831282206695,1519.734571665546,15296.818757947512,0.51,0.53,5054755.872477701
7563.243187243643,1548.4088088668243,15585.437979795772,0.51,0.54,5150128.624788601
7703.303246266791,1577.0830460679952,15874.057201643802,0.51,0.55,5245501.377099501
7843.363305289706,1605.7572832692795,16162.676423491828,0.51,0.56,5340874.129410402
7983.4233643127955,1634.431520470555,16451.295645339855,0.51,0.5700000000000001,5436246.881721302
8123.483423335769,1663.1057576717287,16739.914867187883,0.51,0.58,5531619.634032201
8263.543482358917,1691.77999487301,17028.53408903602,0.51,0.59,5626992.386343101
8403.603541381832,1720.4542320741778,17317.153310884165,0.51,0.6,5722365.138654001
8543.663600404863,1749.1284692755728,17605.772532732197,0.51,0.61,5817737.890964901
8683.723659427895,1777.802706476627,17894.39175458022,0.51,0.62,5913110.643275801
8823.7837184511,1806.476943677795,18183.010976428246,0.51,0.63,6008483.395586701
8963.843777474016,1835.1511808793005,18471.630198276387,0.51,0.64,6103856.147897601
9103.90383649699,1863.825418080474,18760.249420124415,0.51,0.65,6199228.900208501
9243.96389552002,1892.4996552817554,19048.868641972444,0.51,0.66,6294601.652519401
9384.02395454311,1921.1738924829174,19337.487863820475,0.51,0.67,6389974.404830301
9524.084013566026,1949.8481296842047,19626.10708566861,0.51,0.6799999999999999,6485347.1571412
9664.144072589057,1978.5223668853725,19914.726307516754,0.51,0.69,6580719.9094521
9804.204131612205,2007.1966040865375,20203.345529364786,0.51,0.7,6676092.661763001
9944.264190635178,2035.8708412878218,20491.964751212814,0.51,0.71,6771465.414073901
10084.324249658268,2064.5450784889895,20780.58397306084,0.51,0.72,6866838.166384801
10224.384308681183,2093.219315690274,21069.203194908863,0.51,0.73,6962210.918695701
10364.444367704331,2121.893552891436,21357.82241675712,0.51,0.74,7057583.671006601
10504.504426727362,2150.56779009295,21646.441638605153,0.51,0.75,7152956.423317501
10644.564485750336,2179.242027294118,21935.060860453177,0.51,0.76,7248329.175628401
10784.624544773367,2207.9162644953963,22223.680082301205,0.51,0.77,7343701.927939301
10924.684603796515,2236.590501696567,22512.299304149234,0.51,0.78,7439074.680250201
11064.744662819488,2265.264738897735,22800.918525997487,0.51,0.79,7534447.432561101
11204.804721842462,2293.9389760990134,23089.537747845516,0.51,0.8,7629820.184872001
11344.864780865493,2322.6132133001843,23378.156969693548,0.51,0.81,7725192.937182902
11484.924839888641,2351.2874505014684,23666.776191541572,0.51,0.8200000000000001,7820565.689493802
11624.984898911556,2379.9616877026306,23955.395413389597,0.51,0.8300000000000001,7915938.441804702
11765.044957934646,2408.635924904031,24244.014635237738,0.51,0.8400000000000001,8011311.194115602
11905.105016957677,2437.310162105199,24532.633857085882,0.51,0.8500000000000001,8106683.946426502
12045.165075980709,2465.984399306367,24821.25307893391,0.51,0.86,8202056.6987374015
12185.22513500374,2494.658636507648,25109.87230078194,0.51,0.87,8297429.4510483015
12325.285194026772,2523.332873708816,25398.491522629964,0.51,0.88,8392802.203359202
12465.345253049862,2552.007110910211,25687.110744478105,0.51,0.89,8488174.955670102
12605.405312072951,2580.681348111268,25975.729966326136,0.51,0.9,8583547.707981002
6974.555162410368,1427.8877968141956,14372.33925040893,0.52,0.5,4749266.32634
7114.046265658573,1456.445552750616,14659.786035417244,0.52,0.51,4844251.6528668
7253.537368906778,1485.003308686687,14947.23282042544,0.52,0.52,4939236.9793936005
7393.028472154983,1513.5610646231014,15234.679605433525,0.52,0.53,5034222.305920401
7532.519575403247,1542.1188205594083,15522.126390441721,0.52,0.54,5129207.632447201
7672.010678651393,1570.6765764955928,15809.573175449916,0.52,0.55,5224192.958974001
7811.501781899657,1599.2343324318995,16097.019960458,0.52,0.56,5319178.2855008
7950.99288514792,1627.7920883683112,16384.46674546631,0.52,0.5700000000000001,5414163.6120276
8090.4839883960085,1656.3498443045044,16671.913530474503,0.52,0.58,5509148.9385544
8229.975091644272,1684.9076002408024,16959.360315482703,0.52,0.59,5604134.2650812
8369.466194892535,1713.4653561772227,17246.807100490787,0.52,0.6,5699119.591608
8508.957298140798,1742.0231121132967,17534.253885499093,0.52,0.61,5794104.9181348
8648.448401388887,1770.5808680497082,17821.700670507293,0.52,0.62,5889090.2446616
8787.939504637092,1799.1386239859014,18109.147455515376,0.52,0.63,5984075.5711884005
8927.430607885297,1827.6963799221996,18396.594240523573,0.52,0.64,6079060.897715201
9066.921711133502,1856.25413585862,18684.041025531773,0.52,0.65,6174046.224242001
9206.412814381765,1884.8118917948045,18971.487810539857,0.52,0.66,6269031.5507688
9345.90391762997,1913.3696477312246,19258.93459554817,0.52,0.67,6364016.8772956
9485.395020878175,1941.9274036672987,19546.38138055636,0.52,0.6799999999999999,6459002.2038223995
9624.886124126322,1970.485159603713,19833.828165564446,0.52,0.69,6553987.5303492
9764.377227374585,1999.042915540017,20121.274950572642,0.52,0.7,6648972.856876
9903.868330622732,2027.6006714762016,20408.72173558095,0.52,0.71,6743958.1834028
10043.359433870879,2056.1584274125084,20696.168520589148,0.52,0.72,6838943.5099296
10182.850537119142,2084.716183348806,20983.61530559723,0.52,0.73,6933928.8364564
10322.341640367405,2113.2739392851104,21271.06209060543,0.52,0.74,7028914.1629832005
10461.83274361561,2141.831695221295,21558.508875613737,0.52,0.75,7123899.48951
10601.323846863816,2170.3894511577123,21845.95566062171,0.52,0.76,7218884.8160368
10740.814950111962,2198.947207093792,22133.402445629796,0.52,0.77,7313870.1425636
10880.306053360167,2227.5049630302037,22420.849230638105,0.52,0.78,7408855.4690904
11019.79715660843,2256.0627189665074,22708.29601564619,0.52,0.79,7503840.7956172
11159.288259856636,2284.620474902692,22995.74280065438,0.52,0.8,7598826.122144001
11298.779363104899,2313.178230839112,23283.18958566258,0.52,0.81,7693811.448670801
11438.270466353162,2341.7359867754103,23570.636370670665,0.52,0.8200000000000001,7788796.775197601
11577.76156960125,2370.2937427116035,23858.08315567886,0.52,0.8300000000000001,7883782.101724401
11717.252672849572,2398.8514986479045,24145.529940687175,0.52,0.8400000000000001,7978767.428251201
11856.74377609766,2427.409254584316,24432.97672569537,0.52,0.8500000000000001,8073752.754778001
11996.234879345924,2455.9670105205096,24720.42351070345,0.52,0.86,8168738.0813048
12135.72598259413,2484.5247664568074,25007.870295711644,0.52,0.87,8263723.4078316
12275.217085842334,2513.0825223930005,25295.317080719957,0.52,0.88,8358708.7343584
12414.70818909054,2541.640278329299,25582.76386572804,0.52,0.89,8453694.0608852
12554.199292338744,2570.198034265716,25870.210650736237,0.52,0.9,8548679.387412
6946.10737366922,1422.0637335665817,14313.717408414435,0.53,0.5,4729895.037135
7085.029521142656,1450.5050082379023,14599.991756582915,0.53,0.51,4824492.937877701
7223.951668615977,1478.9462829092256,14886.266104751165,0.53,0.52,4919090.838620401
7362.873816089355,1507.3875575807763,15172.540452919417,0.53,0.53,5013688.7393631
7501.795963562734,1535.828832251989,15458.814801087783,0.53,0.54,5108286.640105801
7640.718111036054,1564.2701069233067,15745.089149256035,0.53,0.55,5202884.540848501
7779.640258509549,1592.7113815946332,16031.363497424401,0.53,0.56,5297482.441591201
7918.562405982986,1621.1526562659537,16317.637845592653,0.53,0.5700000000000001,5392080.342333901
8057.484553456365,1649.59393093728,16603.91219376102,0.53,0.58,5486678.2430766
8196.406700929743,1678.0352056085978,16890.18654192927,0.53,0.59,5581276.1438193
8335.328848403005,1706.4764802798077,17176.46089009752,0.53,0.6,5675874.044562
8474.2509958765,1734.9177549513581,17462.735238266003,0.53,0.61,5770471.9453047
8613.173143349937,1763.3590296226787,17749.00958643403,0.53,0.62,5865069.8460474005
8752.0952908232,1791.8003042938917,18035.28393460228,0.53,0.63,5959667.746790101
8891.017438296578,1820.2415789653257,18321.55828277076,0.53,0.64,6054265.6475328
9029.939585769956,1848.6828536366522,18607.832630939014,0.53,0.65,6148863.548275501
9168.861733243277,1877.1241283078564,18894.10697910715,0.53,0.66,6243461.449018201
9307.783880716714,1905.56540297918,19180.38132727552,0.53,0.67,6338059.349760901
9446.70602819015,1934.0066776505005,19466.655675443883,0.53,0.6799999999999999,6432657.2505036
9585.62817566347,1962.447952322051,19752.930023612138,0.53,0.69,6527255.1512463
9724.55032313685,1990.8892269932608,20039.2043717805,0.53,0.7,6621853.051989
9863.472470610228,2019.3305016645843,20325.478719948638,0.53,0.71,6716450.9527317
10002.394618083606,2047.7717763361377,20611.75306811712,0.53,0.72,6811048.8534744
10141.316765557043,2076.2130510072284,20898.027416285375,0.53,0.73,6905646.7542171
10280.238913030422,2104.654325678555,21184.301764453736,0.53,0.74,7000244.654959801
10419.161060503917,2133.095600349986,21470.57611262188,0.53,0.75,7094842.5557025
10558.083207977295,2161.5368750213092,21756.85046079013,0.53,0.76,7189440.4564452
10697.005355450558,2189.978149692633,22043.124808958608,0.53,0.77,7284038.357187901
10835.927502923994,2218.4194243639536,22329.39915712686,0.53,0.78,7378636.257930601
10974.849650397373,2246.8606990351636,22615.673505295,0.53,0.79,7473234.158673301
11113.771797870868,2275.3019737066006,22901.947853463367,0.53,0.8,7567832.059416001
11252.693945344246,2303.7432483780403,23188.222201631732,0.53,0.81,7662429.960158701
11391.616092817567,2332.184523049358,23474.4965498001,0.53,0.8200000000000001,7757027.860901401
11530.538240290887,2360.6257977204573,23760.77089796824,0.53,0.8300000000000001,7851625.761644102
11669.460387764208,2389.067072392005,24047.0452461366,0.53,0.8400000000000001,7946223.662386801
11808.382535237644,2417.5083470633253,24333.31959430497,0.53,0.8500000000000001,8040821.563129501
11947.304682711081,2445.9496217345354,24619.59394247322,0.53,0.86,8135419.463872201
12086.226830184518,2474.390896405859,24905.868290641472,0.53,0.87,8230017.3646149
12225.14897765778,2502.8321710774094,25192.142638809724,0.53,0.88,8324615.2653576005
12364.071125131159,2531.273445748503,25478.416986977976,0.53,0.89,8419213.1661003
12502.993272604479,2559.7147204199428,25764.691335146454,0.53,0.9,8513811.066843001
6917.659584928071,1416.239670319084,14255.095566420046,0.54,0.5,4710523.74793
7056.012776626565,1444.5644637255348,14540.197477748692,0.54,0.51,4804734.2228886
7194.365968325175,1472.889257131651,14825.299389077001,0.54,0.52,4898944.6978472
7332.719160023669,1501.2140505381133,15110.401300405421,0.54,0.53,4993155.1728058
7471.07235172228,1529.5388439444507,15395.503211733847,0.54,0.54,5087365.6477644
7609.425543420948,1557.8636373509073,15680.605123062154,0.54,0.55,5181576.122723
7747.778735119442,1586.1884307573696,15965.707034390687,0.54,0.56,5275786.5976816
7886.131926817936,1614.5132241638205,16250.808945718994,0.54,0.5700000000000001,5369997.0726402
8024.48511851643,1642.83801757005,16535.910857047413,0.54,0.58,5464207.547598799
8162.838310215098,1671.162810976399,16821.01276837572,0.54,0.59,5558418.022557399
8301.19150191365,1699.4876043828497,17106.114679704373,0.54,0.6,5652628.497516
8439.544693612203,1727.8123977891928,17391.21659103257,0.54,0.61,5746838.972474599
8577.897885310813,1756.1371911956494,17676.318502361104,0.54,0.62,5841049.4474332
8716.251077009307,1784.4619846019925,17961.420413689415,0.54,0.63,5935259.922391799
8854.604268707917,1812.786778008222,18246.522325017948,0.54,0.64,6029470.3973504
8992.957460406411,1841.1115714146786,18531.624236346368,0.54,0.65,6123680.872308999
9131.310652105138,1869.4363648211352,18816.726147674675,0.54,0.66,6217891.3472676
9269.663843803573,1897.7611582274783,19101.82805900321,0.54,0.67,6312101.8222262
9408.017035502184,1926.0859516339349,19386.92997033152,0.54,0.6799999999999999,6406312.297184799
9546.370227200736,1954.410745040278,19672.03188165994,0.54,0.69,6500522.772143399
9684.723418899288,1982.7355384466211,19957.13379298825,0.54,0.7,6594733.247101999
9823.076610597782,2011.0603318529643,20242.23570431667,0.54,0.71,6688943.722060599
9961.429802296334,2039.3851252594209,20527.337615644978,0.54,0.72,6783154.197019199
10099.782993995002,2067.7099186658775,20812.43952697351,0.54,0.73,6877364.671977799
10238.136185693555,2096.034712072107,21097.54143830193,0.54,0.74,6971575.146936399
10376.489377392048,2124.3595054785637,21382.64334963024,0.54,0.75,7065785.621894999
10514.842569090542,2152.684298884793,21667.745260958774,0.54,0.76,7159996.0968536
10653.195760789153,2181.0090922912495,21952.847172287085,0.54,0.77,7254206.571812199
10791.548952487763,2209.333885697706,22237.949083615506,0.54,0.78,7348417.0467708
10929.902144186373,2237.658679103936,22523.050994943813,0.54,0.79,7442627.521729399
11068.255335884867,2265.9834725103924,22808.15290627223,0.54,0.8,7536837.996688
11206.60852758342,2294.3082659168463,23093.254817600766,0.54,0.81,7631048.4716465995
11344.961719281913,2322.6330593233056,23378.35672892919,0.54,0.8200000000000001,7725258.9466052
11483.314910980524,2350.9578527295353,23663.4586402575,0.54,0.8300000000000001,7819469.4215638
11621.66810267925,2379.282646135989,23948.560551586033,0.54,0.8400000000000001,7913679.8965224
11760.021294377686,2407.6074395422215,24233.662462914453,0.54,0.8500000000000001,8007890.371481
11898.374486076296,2435.932232948678,24518.76437424276,0.54,0.86,8102100.846439599
12036.72767777479,2464.2570263551315,24803.866285571297,0.54,0.87,8196311.3213982
12175.0808694734,2492.5818197615913,25088.968196899605,0.54,0.88,8290521.796356799
12313.434061171894,2520.906613168048,25374.07010822803,0.54,0.89,8384732.2713154
12451.787252870563,2549.231406574161,25659.172019556336,0.54,0.9,8478942.746274
6889.211796186923,1410.4156070714644,14196.473724425883,0.55,0.5,4691152.458725
7026.996032110706,1438.623919212827,14480.403198914362,0.55,0.51,4784975.5078994995
7164.780268034374,1466.8322313541926,14764.332673402729,0.55,0.52,4878798.557074
7302.5645039580995,1495.0405434956688,15048.26214789143,0.55,0.53,4972621.6062485
7440.348739881883,1523.2488556370315,15332.191622379907,0.55,0.54,5066444.655423
7578.132975805551,1551.4571677786241,15616.12109686838,0.55,0.55,5160267.7045975
7715.917211729335,1579.6654799199869,15900.05057135709,0.55,0.56,5254090.753772
7853.70144765306,1607.873792061463,16183.980045845456,0.55,0.5700000000000001,5347913.8029465005
7991.485683576786,1636.0821042028258,16467.90952033393,0.55,0.58,5441736.852120999
8129.26991950057,1664.2904163441913,16751.838994822632,0.55,0.59,5535559.9012955
8267.054155424237,1692.498728485781,17035.76846931088,0.55,0.6,5629382.95047
8404.838391347963,1720.7070406271407,17319.697943799474,0.55,0.61,5723205.999644499
8542.622627271747,1748.9153527685094,17603.627418288066,0.55,0.62,5817029.048819
8680.406863195414,1777.123664909872,17887.55689277654,0.55,0.63,5910852.0979935
8818.191099119198,1805.3319770514618,18171.48636726513,0.55,0.64,6004675.147168
8955.975335042982,1833.5402891928275,18455.415841753605,0.55,0.65,6098498.1963425
9093.75957096665,1861.7486013341843,18739.345316242085,0.55,0.66,6192321.245517
9231.543806890491,1889.9569134756662,19023.274790730564,0.55,0.67,6286144.2946915
9369.328042814042,1918.165225617029,19307.204265219152,0.55,0.6799999999999999,6379967.343865999
9507.112278737943,1946.3735377586215,19591.133739707628,0.55,0.69,6473790.3930405
9644.896514661668,1974.5818498999843,19875.063214196103,0.55,0.7,6567613.442214999
9782.680750585394,2002.790162041344,20158.99268868481,0.55,0.71,6661436.491389499
9920.46498650912,2030.9984741828262,20442.922163173283,0.55,0.72,6755259.540564
10058.249222432845,2059.2067863241887,20726.85163766165,0.55,0.73,6849082.589738499
10196.033458356571,2087.4150984657786,21010.78111215035,0.55,0.74,6942905.638913
10333.817694280355,2115.6234106071383,21294.710586638834,0.55,0.75,7036728.6880875
10471.60193020408,2143.831722748501,21578.640061127197,0.55,0.76,7130551.737261999
10609.386166127748,2172.0400348899802,21862.56953561579,0.55,0.77,7224374.7864365
10747.170402051532,2200.2483470313455,22146.49901010438,0.55,0.78,7318197.835611
10884.954637975316,2228.456659172938,22430.428484592852,0.55,0.79,7412020.8847855
11022.738873898983,2256.6649713141874,22714.35795908133,0.55,0.8,7505843.93396
11160.523109822767,2284.873283455661,22998.287433569803,0.55,0.81,7599666.9831345
11298.307345746434,2313.0815955970234,23282.216908058395,0.55,0.8200000000000001,7693490.032309
11436.091581670218,2341.289907738392,23566.146382546875,0.55,0.8300000000000001,7787313.0814835
11573.875817594002,2369.4982198799817,23850.07585703535,0.55,0.8400000000000001,7881136.130658001
11711.660053517728,2397.7065320213414,24134.00533152383,0.55,0.8500000000000001,7974959.1798325
11849.44428944157,2425.9148441628176,24417.934806012305,0.55,0.86,8068782.229006999
11987.22852536512,2454.12315630418,24701.8642805009,0.55,0.87,8162605.2781815
12125.012761288905,2482.331468445776,24985.79375498937,0.55,0.88,8256428.3273559995
12262.796997212572,2510.5397805871416,25269.723229478073,0.55,0.89,8350251.3765305
12400.581233136298,2538.748092728504,25553.65270396655,0.55,0.9,8444074.425705
6860.764007445774,1404.5915438239638,14137.851882431387,0.56,0.5,4671781.16952
6997.979287594615,1432.6833747003461,14420.608920080147,0.56,0.51,4765216.7929104
7135.194567743514,1460.7752055768449,14703.36595772868,0.56,0.52,4858652.4163008
7272.40984789253,1488.8670364531108,14986.122995377209,0.56,0.53,4952088.0396912005
7409.625128041371,1516.9588673298394,15268.88003302586,0.56,0.54,5045523.6630816
7546.84040819027,1545.0506982062188,15551.637070674387,0.56,0.55,5138959.286472
7684.055688339053,1573.142529082604,15834.394108323153,0.56,0.56,5232394.9098624
7821.27096848801,1601.2343599589922,16117.151145971795,0.56,0.5700000000000001,5325830.533252801
7958.486248637026,1629.326190835491,16399.908183620555,0.56,0.58,5419266.1566432
8095.701528785983,1657.4180217119867,16682.665221269086,0.56,0.59,5512701.7800336
8232.916808934882,1685.5098525883718,16965.42225891773,0.56,0.6,5606137.403423999
8370.132089083781,1713.6016834648676,17248.179296566268,0.56,0.61,5699573.0268144
8507.34736923268,1741.6935143413664,17530.936334214908,0.56,0.62,5793008.6502048
8644.562649381638,1769.7853452178622,17813.69337186356,0.56,0.63,5886444.2735952
8781.777929530479,1797.8771760944744,18096.45040951209,0.56,0.64,5979879.8969856
8918.993209679378,1825.9690069708597,18379.20744716085,0.56,0.65,6073315.520376001
9056.208489828394,1854.0608378473526,18661.964484809494,0.56,0.66,6166751.1437664
9193.423769977235,1882.1526687238484,18944.721522458025,0.56,0.67,6260186.7671568
9330.639050126192,1910.2444996003471,19227.47856010679,0.56,0.6799999999999999,6353622.390547199
9467.85433027515,1938.3363304767295,19510.23559775532,0.56,0.69,6447058.0139376
9605.069610423932,1966.428161353228,19792.992635403967,0.56,0.7,6540493.637328
9742.284890572948,1994.5199922297268,20075.749673052498,0.56,0.71,6633929.2607184
9879.500170721905,2022.6118231061091,20358.50671070126,0.56,0.72,6727364.8841087995
10016.715450870688,2050.703653982611,20641.26374834979,0.56,0.73,6820800.5074992
10153.930731019587,2078.7954848591094,20924.020785998433,0.56,0.74,6914236.1308896
10291.146011168545,2106.887315735605,21206.777823647197,0.56,0.75,7007671.75428
10428.361291317502,2134.9791466119905,21489.534861295728,0.56,0.76,7101107.3776704
10565.57657146646,2163.070977488489,21772.291898944375,0.56,0.77,7194543.0010608
10702.7918516153,2191.162808364985,22055.04893659302,0.56,0.78,7287978.6244512005
10840.007131764258,2219.2546392415916,22337.805974241666,0.56,0.79,7381414.2478416
10977.222411913215,2247.34647011809,22620.5630118902,0.56,0.8,7474849.871232
11114.43769206194,2275.4383009944754,22903.32004953873,0.56,0.81,7568285.4946224
11251.652972210955,2303.530131870971,23186.07708718749,0.56,0.8200000000000001,7661721.118012801
11388.868252359855,2331.6219627474698,23468.834124836136,0.56,0.8300000000000001,7755156.741403201
11526.083532508812,2359.7137936238523,23751.591162484896,0.56,0.8400000000000001,7848592.3647936005
11663.29881265777,2387.805624500351,24034.348200133423,0.56,0.8500000000000001,7942027.988184
11800.514092806668,2415.8974553768467,24317.105237782078,0.56,0.86,8035463.6115744
11937.72937295551,2443.989286253345,24599.8622754306,0.56,0.87,8128899.2349648
12074.944653104467,2472.0811171297305,24882.61931307937,0.56,0.88,8222334.8583552
12212.159933253308,2500.172948006232,25165.376350727896,0.56,0.89,8315770.4817456
12349.375213402207,2528.2647788827253,25448.133388376427,0.56,0.9,8409206.105136
6832.316218704451,1398.7674805762365,14079.230040436889,0.5700000000000001,0.5,4652409.880315
6968.962543078524,1426.7428301876382,14360.814641245812,0.5700000000000001,0.51,4745458.0779213
7105.608867452713,1454.71817979927,14642.399242054518,0.5700000000000001,0.52,4838506.2755276
7242.255191826785,1482.693529410675,14923.983842863334,0.5700000000000001,0.53,4931554.4731339
7378.901516200975,1510.6688790223068,15205.568443672038,0.5700000000000001,0.54,5024602.6707402
7515.547840574989,1538.6442286337058,15487.15304448062,0.5700000000000001,0.55,5117650.8683465
7652.194164949062,1566.6195782453376,15768.737645289328,0.5700000000000001,0.56,5210699.065952801
7788.840489323193,1594.5949278567425,16050.322246098136,0.5700000000000001,0.5700000000000001,5303747.263559101
7925.4868136972655,1622.5702774682607,16331.90684690684,0.5700000000000001,0.58,5396795.4611654
8062.133138071338,1650.5456270800062,16613.49144771554,0.5700000000000001,0.59,5489843.6587717
8198.77946244547,1678.5209766914109,16895.076048524355,0.5700000000000001,0.6,5582891.856378
8335.425786819484,1706.4963263029292,17176.66064933305,0.5700000000000001,0.61,5675940.0539843
8472.072111193673,1734.4716759143341,17458.24525014176,0.5700000000000001,0.62,5768988.2515906
8608.718435567629,1762.4470255258495,17739.82985095069,0.5700000000000001,0.63,5862036.4491969
8745.364759941818,1790.4223751375948,18021.414451759392,0.5700000000000001,0.64,5955084.6468032
8882.011084315891,1818.3977247489995,18302.999052567975,0.5700000000000001,0.65,6048132.8444095
9018.657408689964,1846.3730743606372,18584.583653376794,0.5700000000000001,0.66,6141181.0420158
9155.303733064095,1874.3484239720392,18866.168254185497,0.5700000000000001,0.67,6234229.2396221
9291.950057438167,1902.3237735835576,19147.752854994196,0.5700000000000001,0.6799999999999999,6327277.437228399
9428.596381812356,1930.299123195076,19429.337455803125,0.5700000000000001,0.69,6420325.634834699
9565.242706186313,1958.2744728067078,19710.922056611824,0.5700000000000001,0.7,6513373.832441
9701.889030560444,1986.2498224181095,19992.50665742064,0.5700000000000001,0.71,6606422.0300473
9838.535354934575,2014.225172029625,20274.091258229342,0.5700000000000001,0.72,6699470.2276536
9975.181679308647,2042.2005216411433,20555.67585903804,0.5700000000000001,0.73,6792518.4252599
10111.828003682836,2070.1758712527753,20837.260459846857,0.5700000000000001,0.74,6885566.6228662
10248.47432805691,2098.1512208642935,21118.845060655447,0.5700000000000001,0.75,6978614.8204725
10385.120652430924,2126.1265704756984,21400.42966146415,0.5700000000000001,0.76,7071663.0180788
10521.766976804996,2154.10192008733,21682.01426227285,0.5700000000000001,0.77,7164711.2156851
10658.41330117907,2182.0772696988483,21963.598863081777,0.5700000000000001,0.78,7257759.4132914
10795.059625553142,2210.052619310367,22245.183463890477,0.5700000000000001,0.79,7350807.6108977
10931.705949927215,2238.0279689219956,22526.768064699292,0.5700000000000001,0.8,7443855.808504
11068.352274301404,2266.0033185334005,22808.352665507995,0.5700000000000001,0.81,7536904.006110301
11204.998598675476,2293.9786681449186,23089.937266316694,0.5700000000000001,0.8200000000000001,7629952.203716601
11341.644923049433,2321.9540177563235,23371.52186712551,0.5700000000000001,0.8300000000000001,7723000.401322901
11478.291247423622,2349.929367368069,23653.106467934213,0.5700000000000001,0.8400000000000001,7816048.598929201
11614.937571797636,2377.904716979474,23934.69106874291,0.5700000000000001,0.8500000000000001,7909096.796535501
11751.583896171767,2405.880066590986,24216.275669551724,0.5700000000000001,0.86,8002144.9941418
11888.23022054584,2433.8554162025102,24497.86027036043,0.5700000000000001,0.87,8095193.1917481
12024.87654492003,2461.8307658139124,24779.444871169133,0.5700000000000001,0.88,8188241.3893544
12161.522869294102,2489.8061154256575,25061.029471977945,0.5700000000000001,0.89,8281289.5869607
12298.169193668175,2517.7814650370624,25342.614072786644,0.5700000000000001,0.9,8374337.784567
6803.868429963302,1392.9434173283896,14020.608198442615,0.58,0.5,4633038.59111
6939.945798562665,1420.802285675268,14301.020362411602,0.58,0.51,4725699.362932201
7076.0231671619695,1448.661154021806,14581.432526380355,0.58,0.52,4818360.134754401
7212.100535761216,1476.5200223682361,14861.844690349115,0.58,0.53,4911020.906576601
7348.177904360462,1504.3788907148876,15142.256854318099,0.58,0.54,5003681.678398801
7484.255272959708,1532.2377590614255,15422.669018286853,0.58,0.55,5096342.450221001
7620.332641558896,1560.096627407847,15703.08118225561,0.58,0.56,5189003.222043201
7756.410010158201,1587.955495754385,15983.493346224483,0.58,0.5700000000000001,5281663.993865401
7892.487378757505,1615.81436410115,16263.90551019347,0.58,0.58,5374324.7656876
8028.564747356693,1643.673232447688,16544.31767416222,0.58,0.59,5466985.5375098
8164.642115956114,1671.5321007942316,16824.729838131207,0.58,0.6,5559646.309332
8300.719484555419,1699.39096914088,17105.142002100074,0.58,0.61,5652307.0811542
8436.796853154607,1727.2498374873046,17385.55416606872,0.58,0.62,5744967.8529764
8572.874221753795,1755.1087058338426,17665.966330037703,0.58,0.63,5837628.624798601
8708.951590353157,1782.967574180494,17946.37849400657,0.58,0.64,5930289.396620801
8845.028958952404,1810.8264425271511,18226.790657975333,0.58,0.65,6022950.168443001
8981.10632755165,1838.6853108736864,18507.202821944204,0.58,0.66,6115610.940265201
9117.183696150896,1866.5441792203378,18787.61498591307,0.58,0.67,6208271.712087401
9253.261064750142,1894.403047566762,19068.02714988183,0.58,0.6799999999999999,6300932.4839096
9389.338433349505,1922.2619159133,19348.439313850817,0.58,0.69,6393593.2557318
9525.415801948577,1950.120784260065,19628.851477819797,0.58,0.7,6486254.027554
9661.493170547998,1977.979652606603,19909.263641788555,0.58,0.71,6578914.7993762
9797.57053914736,2005.8385209531439,20189.675805757313,0.58,0.72,6671575.5711984
9933.647907746548,2033.6973892997953,20470.08796972618,0.58,0.73,6764236.3430206
10069.725276345736,2061.55625764622,20750.50013369505,0.58,0.74,6856897.1148428
10205.80264494504,2089.4151259927576,21030.912297663923,0.58,0.75,6949557.886665001
10341.880013544345,2117.273994339409,21311.324461632677,0.58,0.76,7042218.658487201
10477.957382143708,2145.1328626860604,21591.736625601665,0.58,0.77,7134879.430309401
10614.03475074278,2172.9917310326014,21872.148789570416,0.58,0.78,7227540.202131601
10750.112119342084,2200.850599379253,22152.560953539403,0.58,0.79,7320200.973953801
10886.189487941389,2228.7094677256773,22432.973117508274,0.58,0.8,7412861.745776001
11022.266856540635,2256.568336072215,22713.385281477033,0.58,0.81,7505522.5175982015
11158.344225139997,2284.4272044188638,22993.7974454459,0.58,0.8200000000000001,7598183.289420401
11294.421593739244,2312.286072765288,23274.209609414775,0.58,0.8300000000000001,7690844.061242601
11430.49896233849,2340.144941112059,23554.62177338353,0.58,0.8400000000000001,7783504.833064801
11566.576330937794,2368.0038094587103,23835.03393735229,0.58,0.8500000000000001,7876165.604887001
11702.65369953704,2395.862677805135,24115.44610132127,0.58,0.86,7968826.3767092
11838.731068136287,2423.72154615167,24395.85826529003,0.58,0.87,8061487.148531401
11974.808436735475,2451.5804144983213,24676.270429259013,0.58,0.88,8154147.920353601
12110.885805334721,2479.4392828447453,24956.68259322788,0.58,0.89,8246808.692175801
12246.963173933967,2507.2981511912894,25237.09475719664,0.58,0.9,8339469.463998001
6775.420641222154,1387.1193540808863,13961.986356448113,0.59,0.5,4613667.301905001
6910.92905404669,1414.8617411625603,14241.226083577272,0.59,0.51,4705940.647943101
7046.437466871052,1442.6041282441236,14520.465810706082,0.59,0.52,4798213.993981201
7181.945879695588,1470.346515325905,14799.705537835118,0.59,0.53,4890487.340019301
7317.454292519891,1498.0889024073492,15078.945264964046,0.59,0.54,4982760.686057401
7452.962705344544,1525.8312894890262,15358.184992092973,0.59,0.55,5075034.032095501
7588.471118168847,1553.5736765706943,15637.424719221788,0.59,0.56,5167307.3781336015
7723.979530993325,1581.3160636522546,15916.664446350936,0.59,0.5700000000000001,5259580.724171701
7859.487943817861,1609.0584507338122,16195.904173479976,0.59,0.58,5351854.0702098
7994.996356642165,1636.8008378155996,16475.143900608906,0.59,0.59,5444127.416247901
8130.504769466526,1664.5432248971572,16754.383627737716,0.59,0.6,5536400.762286001
8266.013182291179,1692.2856119787177,17033.62335486664,0.59,0.61,5628674.1083241
8401.521595115482,1720.0279990603888,17312.863081995794,0.59,0.62,5720947.454362201
8537.030007940019,1747.7703861419461,17592.102809124608,0.59,0.63,5813220.800400301
8672.53842076438,1775.5127732237336,17871.342536253647,0.59,0.64,5905494.146438401
8808.046833588975,1803.2551603050613,18150.582263382577,0.59,0.65,5997767.492476501
8943.555246413278,1830.9975473868517,18429.821990511726,0.59,0.66,6090040.838514601
9079.063659237756,1858.7399344684093,18709.06171764054,0.59,0.67,6182314.184552701
9214.572072062234,1886.4823215500833,18988.301444769462,0.59,0.6799999999999999,6274587.530590801
9350.080484886654,1914.2247086316406,19267.5411718985,0.59,0.69,6366860.8766289
9485.588897711074,1941.967095713428,19546.78089902743,0.59,0.7,6459134.222667
9621.097310535552,1969.7094827949857,19826.020626156467,0.59,0.71,6551407.568705101
9756.605723359855,1997.4518698764268,20105.260353285514,0.59,0.72,6643680.914743201
9892.114136184508,2025.1942569581038,20384.500080414324,0.59,0.73,6735954.2607813
10027.62254900887,2052.9366440397775,20663.73980754336,0.59,0.74,6828227.606819401
10163.130961833405,2080.679031121446,20942.979534672286,0.59,0.75,6920500.952857501
10298.639374657709,2108.4214182028954,21222.219261801096,0.59,0.76,7012774.298895601
10434.147787482245,2136.16380528468,21501.45898893025,0.59,0.77,7105047.6449337015
10569.656200306665,2163.906192366235,21780.698716059178,0.59,0.78,7197320.990971801
10705.164613131084,2191.6485794479086,22059.938443188214,0.59,0.79,7289594.337009901
10840.673025955504,2219.390966529469,22339.17817031703,0.59,0.8,7381867.6830480015
10976.181438779982,2247.1333536112506,22618.417897446187,0.59,0.81,7474141.029086102
11111.689851604402,2274.875740692811,22897.65762457511,0.59,0.8200000000000001,7566414.375124201
11247.19826442888,2302.618127774261,23176.89735170415,0.59,0.8300000000000001,7658687.7211623015
11382.706677253242,2330.360514855929,23456.137078832962,0.59,0.8400000000000001,7750961.067200402
11518.21509007772,2358.1029019376,23735.376805962,0.59,0.8500000000000001,7843234.413238502
11653.723502902198,2385.8452890192743,24014.616533090815,0.59,0.86,7935507.759276601
11789.231915726617,2413.5876761007185,24293.856260219964,0.59,0.87,8027781.105314701
11924.740328551095,2441.330063182506,24573.09598734878,0.59,0.88,8120054.451352801
12060.248741375632,2469.0724502640633,24852.335714477817,0.59,0.89,8212327.7973909015
12195.757154199877,2496.8148373456265,25131.575441606747,0.59,0.9,8304601.143429001
6746.9728524810635,1381.2952908332722,13903.364514453842,0.6,0.5,4594296.012700001
6881.912309530657,1408.9211966498524,14181.43180474283,0.6,0.51,4686181.932954001
7016.8517665803665,1436.5471024666595,14459.499095031919,0.6,0.52,4778067.853208001
7151.791223629902,1464.17300828335,14737.566385321015,0.6,0.53,4869953.773462001
7286.730680679437,1491.7989141000437,15015.633675609997,0.6,0.54,4961839.693716001
7421.67013772903,1519.424819916737,15293.700965899205,0.6,0.55,5053725.613970001
7556.609594778856,1547.0507257332038,15571.768256188187,0.6,0.56,5145611.534224002
7691.549051828333,1574.6766315498944,15849.835546477278,0.6,0.5700000000000001,5237497.454478001
7826.488508877985,1602.302537366815,16127.902836766378,0.6,0.58,5329383.374732001
7961.427965927636,1629.9284431832814,16405.970127055356,0.6,0.59,5421269.294986
8096.36742297723,1657.5543489999693,16684.037417344563,0.6,0.6,5513155.215240001
8231.306880026881,1685.1802548166656,16962.104707633545,0.6,0.61,5605041.135494001
8366.246337076358,1712.8061606333592,17240.171997922753,0.6,0.62,5696927.055748001
8501.185794126242,1740.4320664498257,17518.23928821174,0.6,0.63,5788812.976002001
8636.125251175661,1768.0579722665193,17796.306578500833,0.6,0.64,5880698.896256001
8771.06470822537,1795.6838780834341,18074.373868789928,0.6,0.65,5972584.816510001
8906.004165274906,1823.3097838999036,18352.44115907891,0.6,0.66,6064470.736764002
9040.943622324616,1850.9356897168213,18630.508449368117,0.6,0.67,6156356.657018001
9175.883079374209,1878.5615955332908,18908.575739657095,0.6,0.6799999999999999,6248242.577272001
9310.82253642386,1906.1875013499784,19186.643029946197,0.6,0.69,6340128.497526
9445.761993473512,1933.813407166445,19464.71032023529,0.6,0.7,6432014.417780001
9580.701450523105,1961.4393129833684,19742.777610524496,0.6,0.71,6523900.338034001
9715.64090757264,1989.0652188000563,20020.844900813478,0.6,0.72,6615786.258288001
9850.580364622234,2016.6911246165287,20298.91219110246,0.6,0.73,6707672.178542001
9985.519821672002,2044.3170304334433,20576.97948139167,0.6,0.74,6799558.098796001
10120.459278721479,2071.9429362499127,20855.04677168065,0.6,0.75,6891444.019050001
10255.398735771189,2099.5688420666006,21133.114061969743,0.6,0.76,6983329.939304002
10390.338192820782,2127.194747883294,21411.181352258838,0.6,0.77,7075215.859558001
10525.277649870433,2154.8206536999905,21689.248642547824,0.6,0.78,7167101.779812002
10660.217106919969,2182.446559516681,21967.31593283703,0.6,0.79,7258987.700066001
10795.156563969562,2210.072465333372,22245.383223126013,0.6,0.8,7350873.620320002
10930.096021019213,2237.698371150065,22523.450513415108,0.6,0.81,7442759.540574002
11065.035478068923,2265.324276966532,22801.517803704206,0.6,0.8200000000000001,7534645.460828002
11199.974935118575,2292.9501827832255,23079.5850939933,0.6,0.8300000000000001,7626531.381082002
11334.91439216811,2320.5760886001462,23357.652384282395,0.6,0.8400000000000001,7718417.301336002
11469.85384921782,2348.2019944166095,23635.719674571377,0.6,0.8500000000000001,7810303.221590002
11604.793306267296,2375.8279002333034,23913.78696486058,0.6,0.86,7902189.141844002
11739.732763317006,2403.4538060499967,24191.854255149796,0.6,0.87,7994075.062098001
11874.672220366658,2431.0797118666906,24469.921545438658,0.6,0.88,8085960.982352002
12009.61167741631,2458.705617683154,24747.988835727756,0.6,0.89,8177846.902606001
12144.551134465844,2486.3315234998477,25026.05612601685,0.6,0.9,8269732.822860002
6718.525063739857,1375.4712275856584,13844.742672459344,0.61,0.5,4574924.723495
6852.895565014565,1402.9806521373714,14121.637525908607,0.61,0.51,4666423.2179649
6987.26606628939,1430.4900766891924,14398.532379357755,0.61,0.52,4757921.7124348
7121.6365675642155,1457.9995012407978,14675.427232807022,0.61,0.53,4849420.2069047
7256.007068838982,1485.5089257926215,14952.322086256174,0.61,0.54,4940918.701374601
7390.377570113749,1513.0183503443377,15229.216939705208,0.61,0.55,5032417.1958445
7524.748071388691,1540.5277748958238,15506.111793154581,0.61,0.56,5123915.690314401
7659.118572663458,1568.0371994476504,15783.006646603624,0.61,0.5700000000000001,5215414.184784301
7793.4890739382245,1595.5466239993636,16059.901500052889,0.61,0.58,5306912.679254199
7927.8595752130495,1623.0560485511874,16336.796353502039,0.61,0.59,5398411.1737241
8062.230076487933,1650.56547310279,16613.691206951306,0.61,0.6,5489909.668194
8196.600577762641,1678.0748976546138,16890.586060400456,0.61,0.61,5581408.1626639
8330.971079037467,1705.5843222063297,17167.480913849493,0.61,0.62,5672906.6571338
8465.341580312175,1733.0937467579265,17444.375767298865,0.61,0.63,5764405.1516037
8599.712081587,1760.603171309759,17721.27062074791,0.61,0.64,5855903.6460736
8734.082582861825,1788.112595861353,17998.165474197165,0.61,0.65,5947402.1405435
8868.453084136592,1815.6220204131796,18275.060327646323,0.61,0.66,6038900.635013401
9002.823585411359,1843.1314449647793,18551.95518109558,0.61,0.67,6130399.1294833
9137.194086686126,1870.6408695164923,18828.85003454473,0.61,0.6799999999999999,6221897.6239532
9271.56458796101,1898.150294068319,19105.74488799377,0.61,0.69,6313396.1184231
9405.935089235776,1925.6597186199187,19382.63974144315,0.61,0.7,6404894.612892999
9540.30559051066,1953.1691431717513,19659.534594892182,0.61,0.71,6496393.1073629
9674.676091785368,1980.6785677234616,19936.429448341445,0.61,0.72,6587891.6018328
9809.046593060193,2008.1879922749506,20213.3243017906,0.61,0.73,6679390.0963027
9943.417094334902,2035.6974168267743,20490.21915523986,0.61,0.74,6770888.5907726
10077.787595609843,2063.2068413784873,20767.114008689012,0.61,0.75,6862387.0852425005
10212.15809688461,2090.716265930314,21044.00886213828,0.61,0.76,6953885.5797124
10346.528598159377,2118.2256904819137,21320.90371558743,0.61,0.77,7045384.0741823
10480.899099434202,2145.7351150337404,21597.798569036695,0.61,0.78,7136882.5686522005
10615.269600708969,2173.244539585454,21874.693422485845,0.61,0.79,7228381.0631221
10749.640101983852,2200.753964137053,22151.588275935108,0.61,0.8,7319879.557592001
10884.01060325856,2228.26338868888,22428.483129384258,0.61,0.81,7411378.0520619005
11018.381104533386,2255.7728132407037,22705.377982833525,0.61,0.8200000000000001,7502876.5465318
11152.751605808153,2283.282237792306,22982.272836282562,0.61,0.8300000000000001,7594375.041001701
11287.122107083036,2310.791662343903,23259.167689731825,0.61,0.8400000000000001,7685873.5354716005
11421.492608357745,2338.3010868957326,23536.062543180975,0.61,0.8500000000000001,7777372.029941501
11555.863109632453,2365.8105114474456,23812.95739663024,0.61,0.86,7868870.5244114
11690.233610907337,2393.3199359990454,24089.85225007939,0.61,0.87,7960369.0188813
11824.604112182162,2420.829360550872,24366.747103528654,0.61,0.88,8051867.5133512
11958.974613456929,2448.338785102696,24643.6419569778,0.61,0.89,8143366.0078211
12093.345114731637,2475.8482096542984,24920.53681042684,0.61,0.9,8234864.502291
6690.077274998592,1369.6471643381522,13786.120830464955,0.62,0.5,4555553.43429
6823.878820498649,1397.0401076248907,14061.843247074275,0.62,0.51,4646664.5029758
6957.680365998647,1424.43305091151,14337.565663683597,0.62,0.52,4737775.571661601
7091.481911498529,1451.8259941982456,14613.2880802928,0.62,0.53,4828886.640347401
7225.283456998644,1479.2189374852053,14889.010496902236,0.62,0.54,4919997.7090332005
7359.085002498585,1506.6118807718246,15164.732913511441,0.62,0.55,5011108.777719
7492.886547998467,1534.0048240587814,15440.455330120873,0.62,0.56,5102219.846404801
7626.688093498466,1561.3977673452873,15716.177746730078,0.62,0.5700000000000001,5193330.915090601
7760.489638998464,1588.7907106321393,15991.900163339287,0.62,0.58,5284441.9837764
7894.291184498521,1616.1836539188691,16267.622579948717,0.62,0.59,5375553.0524622
8028.092729998403,1643.5765972057184,16543.34499655804,0.62,0.6,5466664.1211480005
8161.894275498402,1670.9695404924541,16819.067413167246,0.62,0.61,5557775.1898338
8295.695820998342,1698.3624837792975,17094.789829776673,0.62,0.62,5648886.2585196
8429.49736649834,1725.7554270659195,17370.512246385882,0.62,0.63,5739997.3272054
8563.298911998398,1753.1483703527688,17646.234662995088,0.62,0.64,5831108.395891201
8697.100457498396,1780.5413136394986,17921.957079604523,0.62,0.65,5922219.464577001
8830.90200299822,1807.9342569263479,18197.679496213725,0.62,0.66,6013330.5332628
8964.703548498219,1835.3272002130807,18473.401912823163,0.62,0.67,6104441.6019486
9098.505093998276,1862.7201434998135,18749.12432943237,0.62,0.6799999999999999,6195552.6706344
9232.306639498216,1890.113086786549,19024.84674604169,0.62,0.69,6286663.7393202
9366.108184998215,1917.5060300731684,19300.569162651118,0.62,0.7,6377774.808006
9499.909730498213,1944.8989733601281,19576.291579260323,0.62,0.71,6468885.8766918
9633.711275998037,1972.291916646864,19852.013995869533,0.62,0.72,6559996.9453776
9767.512821498094,1999.6848599337072,20127.736412478967,0.62,0.73,6651108.0140634
9901.314366998093,2027.077803220443,20403.45882908817,0.62,0.74,6742219.0827492
10035.115912498033,2054.470746507065,20679.18124569749,0.62,0.75,6833330.151435001
10168.917457998032,2081.8636897937977,20954.903662306697,0.62,0.76,6924441.220120801
10302.719003498089,2109.2566330807576,21230.626078916128,0.62,0.77,7015552.2888066005
10436.52054899797,2136.6495763673797,21506.34849552545,0.62,0.78,7106663.3574924
10570.32209449797,2164.0425196541096,21782.070912134768,0.62,0.79,7197774.426178201
10704.123639997968,2191.435462940956,22057.79332874397,0.62,0.8,7288885.494864001
10837.92518549785,2218.828406227581,22333.515745353187,0.62,0.81,7379996.563549801
10971.72673099779,2246.221349514424,22609.238161962614,0.62,0.8200000000000001,7471107.632235601
11105.528276497906,2273.6142928011573,22884.96057857182,0.62,0.8300000000000001,7562218.700921401
11239.329821997846,2301.0072360880094,23160.682995181258,0.62,0.8400000000000001,7653329.769607201
11373.131367497786,2328.4001793747393,23436.405411790573,0.62,0.8500000000000001,7744440.838293001
11506.932912997727,2355.7931226615856,23712.127828399778,0.62,0.86,7835551.9069788
11640.734458497609,2383.1860659482104,23987.850245008987,0.62,0.87,7926662.975664601
11774.536003997666,2410.579009235054,24263.572661618422,0.62,0.88,8017774.044350401
11908.337549497664,2437.9719525217865,24539.295078227853,0.62,0.89,8108885.1130362
12042.139094997663,2465.3648958086387,24815.01749483706,0.62,0.9,8199996.181722
6661.629486257443,1363.8231010904276,13727.498988470457,0.63,0.5,4536182.1450849995
6794.862075982732,1391.0995631122905,14002.048968240057,0.63,0.51,4626905.7879866995
6928.094665707729,1418.3760251340457,14276.59894800932,0.63,0.52,4717629.4308883995
7061.327255433018,1445.6524871559175,14551.148927778811,0.63,0.53,4808353.0737900995
7194.559845158074,1472.9289491776728,14825.698907548183,0.63,0.54,4899076.716691799
7327.792434883304,1500.2054111995358,15100.24888731767,0.63,0.55,4989800.359593499
7461.02502460836,1527.481873221291,15374.798867087047,0.63,0.56,5080524.0024952
7594.257614333648,1554.7583352431568,15649.348846856312,0.63,0.5700000000000001,5171247.6453969
7727.490204058704,1582.0347972649122,15923.898826625797,0.63,0.58,5261971.288298599
7860.722793783876,1609.311259286784,16198.448806395285,0.63,0.59,5352694.931200299
7993.95538350899,1636.5877213085334,16472.998786164662,0.63,0.6,5443418.574101999
8127.18797323422,1663.864183330402,16747.548765934152,0.63,0.61,5534142.217003699
8260.420562959276,1691.1406453521545,17022.09874570341,0.63,0.62,5624865.859905399
8393.653152684448,1718.4171073737964,17296.648725473013,0.63,0.63,5715589.502807099
8526.885742409737,1745.6935693957787,17571.198705242277,0.63,0.64,5806313.145708799
8660.118332134734,1772.9700314176446,17845.748685011768,0.63,0.65,5897036.788610499
8793.350921859965,1800.2464934393997,18120.29866478114,0.63,0.66,5987760.431512199
8926.58351158502,1827.5229554612686,18394.848644550628,0.63,0.67,6078484.074413899
9059.816101310134,1854.799417483021,18669.398624319892,0.63,0.6799999999999999,6169207.717315598
9193.048691035423,1882.075879504884,18943.948604089383,0.63,0.69,6259931.360217298
9326.281280760537,1909.352341526645,19218.498583858753,0.63,0.7,6350655.003118999
9459.513870485709,1936.6288035485109,19493.048563628243,0.63,0.71,6441378.646020699
9592.746460210881,1963.9052655702662,19767.598543397613,0.63,0.72,6532102.288922399
9725.979049935995,1991.1817275921292,20042.148523167103,0.63,0.73,6622825.931824099
9859.211639661109,2018.4581896138845,20316.698502936368,0.63,0.74,6713549.574725799
9992.444229386165,2045.7346516357504,20591.248482705854,0.63,0.75,6804273.217627499
10125.676819111453,2073.0111136575088,20865.798462475228,0.63,0.76,6894996.860529199
10258.909408836567,2100.2875756793774,21140.348442244718,0.63,0.77,6985720.503430899
10392.141998561623,2127.564037701127,21414.898422014096,0.63,0.78,7076444.146332599
10525.374588286912,2154.8404997229954,21689.448401783466,0.63,0.79,7167167.789234299
10658.607178011967,2182.116961744751,21963.998381552843,0.63,0.8,7257891.432135999
10791.83976773714,2209.3934237666226,22238.548361322446,0.63,0.81,7348615.0750377
10925.072357462312,2236.669885788375,22513.09834109171,0.63,0.8200000000000001,7439338.7179394
11058.304947187426,2263.9463478101243,22787.648320861193,0.63,0.8300000000000001,7530062.3608411
11191.537536912598,2291.2228098319933,23062.19830063057,0.63,0.8400000000000001,7620786.0037428
11324.770126637828,2318.4992718539756,23336.74828039995,0.63,0.8500000000000001,7711509.6466445
11458.002716363,2345.775733875501,23611.29826016955,0.63,0.86,7802233.289546199
11591.235306088114,2373.0521958973695,23885.848239938812,0.63,0.87,7892956.932447899
11724.46789581317,2400.3286579192386,24160.39821970841,0.63,0.88,7983680.575349599
11857.700485538226,2427.605119940991,24434.948199477676,0.63,0.89,8074404.218251299
11990.933075263572,2454.88158196286,24709.498179247166,0.63,0.9,8165127.861152999
6633.181697516411,1357.9990378428136,13668.877146476181,0.64,0.5,4516810.85588
6765.845331466699,1385.1590185995885,13942.254689405727,0.64,0.51,4607147.0729976
6898.508965416928,1412.318999356471,14215.632232335272,0.64,0.52,4697483.2901152
7031.172599367332,1439.478980113473,14489.009775264589,0.64,0.53,4787819.5072328
7163.836233317619,1466.6389608702477,14762.387318194247,0.64,0.54,4878155.7243504
7296.499867267907,1493.7989416271362,15035.764861123676,0.64,0.55,4968491.941468
7429.163501218252,1520.9589223840246,15309.142404053337,0.64,0.56,5058828.158585601
7561.827135168656,1548.1189031407996,15582.519946982766,0.64,0.5700000000000001,5149164.3757032
7694.490769118944,1575.2788838976878,15855.89748991231,0.64,0.58,5239500.592820799
7827.154403069231,1602.4388646546897,16129.275032841853,0.64,0.59,5329836.809938399
7959.818037019577,1629.5988454113512,16402.6525757714,0.64,0.6,5420173.027055999
8092.481670969981,1656.7588261682397,16676.03011870083,0.64,0.61,5510509.244173599
8225.145304920268,1683.9188069250145,16949.407661630485,0.64,0.62,5600845.4612912
8357.808938870614,1711.078787681897,17222.78520456003,0.64,0.63,5691181.6784088
8490.472572820843,1738.2387684390126,17496.162747489576,0.64,0.64,5781517.8955264
8623.136206771189,1765.3987491957873,17769.540290419118,0.64,0.65,5871854.112644
8755.799840721593,1792.5587299526787,18042.917833348547,0.64,0.66,5962190.3297616
8888.463474671997,1819.71871070934,18316.295376278093,0.64,0.67,6052526.5468792
9021.127108622226,1846.878691466342,18589.672919207525,0.64,0.6799999999999999,6142862.7639967995
9153.790742572455,1874.0386722232304,18863.050462137184,0.64,0.69,6233198.981114399
9286.45437652286,1901.198652979892,19136.428005066613,0.64,0.7,6323535.198231999
9419.118010473147,1928.3586337368938,19409.805547996155,0.64,0.71,6413871.415349599
9551.78164442355,1955.5186144937793,19683.183090925817,0.64,0.72,6504207.632467199
9684.445278373896,1982.6785952504376,19956.560633855246,0.64,0.73,6594543.849584799
9817.108912324125,2009.8385760074395,20229.938176784675,0.64,0.74,6684880.066702399
9949.772546274471,2036.998556764101,20503.315719714217,0.64,0.75,6775216.28382
10082.436180224875,2064.158537521216,20776.69326264365,0.64,0.76,6865552.5009376
10215.099814175162,2091.318518278105,21050.07080557331,0.64,0.77,6955888.7180552
10347.763448125566,2118.47849903488,21323.448348502738,0.64,0.78,7046224.9351728
10480.427082075796,2145.638479791768,21596.825891432283,0.64,0.79,7136561.1522904
10613.0907160262,2172.798460548543,21870.203434361938,0.64,0.8,7226897.369408
10745.754349976429,2199.9584413054313,22143.58097729137,0.64,0.81,7317233.5865256
10878.41798392689,2227.11842206232,22416.958520221026,0.64,0.8200000000000001,7407569.8036432
11011.081617877178,2254.278402819089,22690.33606315046,0.64,0.8300000000000001,7497906.0207608
11143.745251827466,2281.438383575983,22963.71360608,0.64,0.8400000000000001,7588242.2378784
11276.408885777753,2308.5983643328714,23237.091149009662,0.64,0.8500000000000001,7678578.454996
11409.07251972804,2335.7583450896464,23510.46869193909,0.64,0.86,7768914.672113599
11541.736153678503,2362.9183258465346,23783.846234868528,0.64,0.87,7859250.889231199
11674.39978762879,2390.0783066035337,24057.22377779818,0.64,0.88,7949587.1063488
11807.063421579078,2417.2382873603087,24330.6013207275,0.64,0.89,8039923.3234664
11939.727055529365,2444.398268117197,24603.978863657154,0.64,0.9,8130259.540584
6604.733908775146,1352.1749745953073,13610.255304481685,0.65,0.5,4497439.566675
6736.828586950607,1379.2184740871019,13882.460410571512,0.65,0.51,4587388.3580085
6868.923265126068,1406.2619735790126,14154.665516660996,0.65,0.52,4677337.1493420005
7001.017943301529,1433.3054730708072,14426.870622750714,0.65,0.53,4767285.9406755
7133.112621477165,1460.3489725629422,14699.075728840311,0.65,0.54,4857234.732009
7265.207299652742,1487.3924720548503,14971.280834929908,0.65,0.55,4947183.5233425
7397.301977828203,1514.4359715466446,15243.485941019506,0.65,0.56,5037132.314676001
7529.3966560037225,1541.4794710385556,15515.69104710922,0.65,0.5700000000000001,5127081.1060095
7661.4913341791835,1568.5229705303502,15787.896153198935,0.65,0.58,5217029.8973429995
7793.5860123546445,1595.5664700224852,16060.101259288534,0.65,0.59,5306978.6886765
7925.680690530222,1622.6099695143932,16332.30636537814,0.65,0.6,5396927.48001
8057.775368705741,1649.6534690061906,16604.511471467737,0.65,0.61,5486876.271343499
8189.870046881144,1676.6969684979852,16876.71657755722,0.65,0.62,5576825.062677
8321.964725056721,1703.7404679898902,17148.92168364716,0.65,0.63,5666773.8540105
8454.059403232299,1730.7839674820252,17421.126789736652,0.65,0.64,5756722.645344
8586.154081407818,1757.8274669738196,17693.33189582625,0.65,0.65,5846671.4366775
8718.248759583279,1784.8709664657276,17965.537001915844,0.65,0.66,5936620.228011
8850.343437758798,1811.9144659575252,18237.742108005445,0.65,0.67,6026569.0193445
8982.43811593426,1838.9579654495467,18509.94721409516,0.65,0.6799999999999999,6116517.810678
9114.53279410972,1866.0014649415682,18782.15232018499,0.65,0.69,6206466.602011499
9246.62747228524,1893.0449644333626,19054.35742627447,0.65,0.7,6296415.393344999
9378.722150460875,1920.0884639251572,19326.56253236419,0.65,0.71,6386364.1846785
9510.816828636162,1947.1319634170682,19598.767638453675,0.65,0.72,6476312.976012
9642.911506811739,1974.1754629090897,19870.972744543385,0.65,0.73,6566261.767345499
9775.006184987142,2001.2189624011112,20143.17785063287,0.65,0.74,6656210.558679
9907.100863162777,2028.2624618929055,20415.382956722697,0.65,0.75,6746159.3500125
10039.19554133818,2055.305961384703,20687.588062812294,0.65,0.76,6836108.141346
10171.290219513816,2082.349460876605,20959.79316890189,0.65,0.77,6926056.9326795
10303.384897689335,2109.392960368519,21231.99827499161,0.65,0.78,7016005.724013
10435.479575864738,2136.4364598605375,21504.203381081326,0.65,0.79,7105954.5153465
10567.574254040257,2163.4799593524485,21776.40848717081,0.65,0.8,7195903.30668
10699.668932215718,2190.52345884424,22048.61359326041,0.65,0.81,7285852.098013501
10831.763610391237,2217.5669583360404,22320.818699350126,0.65,0.8200000000000001,7375800.889347
10963.858288566757,2244.610457828062,22593.02380543984,0.65,0.8300000000000001,7465749.6806805
11095.952966742392,2271.6539573200835,22865.228911529324,0.65,0.8400000000000001,7555698.472014001
11228.047644917795,2298.697456811881,23137.43401761903,0.65,0.8500000000000001,7645647.263347501
11360.142323093314,2325.740956303789,23409.63912370863,0.65,0.86,7735596.054680999
11492.237001268833,2352.7844557958106,23681.844229798346,0.65,0.87,7825544.8460145
11624.331679444353,2379.8279552876047,23954.049335888056,0.65,0.88,7915493.637348
11756.426357619814,2406.8714547794025,24226.254441977657,0.65,0.89,8005442.4286815
11888.521035795333,2433.914954271418,24498.45954806726,0.65,0.9,8095391.220015
6576.286120034056,1346.3509113476932,13551.633462487524,0.66,0.5,4478068.27747
6707.81184243469,1373.2779295746209,13822.666131737178,0.66,0.51,4567629.643019401
6839.337564835383,1400.2049478015515,14093.69880098695,0.66,0.52,4657191.0085688
6970.863287236076,1427.1319660284762,14364.731470236487,0.66,0.53,4746752.3741182005
7102.38900963671,1454.0589842554095,14635.764139486144,0.66,0.54,4836313.7396676
7233.914732037461,1480.9860024824507,14906.796808736028,0.66,0.55,4925875.1052170005
7365.440454438212,1507.9130207092678,15177.829477985797,0.66,0.56,5015436.470766401
7496.9661768387305,1534.8400389361952,15448.862147235453,0.66,0.5700000000000001,5104997.8363158
7628.491899239481,1561.7670571632336,15719.894816485337,0.66,0.58,5194559.2018652
7760.017621640116,1588.694075390164,15990.927485735103,0.66,0.59,5284120.5674145995
7891.543344040809,1615.621093617208,16261.960154984758,0.66,0.6,5373681.932964
8023.0690664415015,1642.5481118441414,16532.99282423464,0.66,0.61,5463243.2985134
8154.594788842136,1669.475130071069,16804.025493484405,0.66,0.62,5552804.6640628
8286.120511242829,1696.4021482979938,17075.05816273406,0.66,0.63,5642366.0296122
8417.646233643522,1723.3291665250379,17346.09083198383,0.66,0.64,5731927.3951616
8549.171956044156,1750.256184751852,17617.123501233487,0.66,0.65,5821488.760711
8680.697678444907,1777.1832029787824,17888.156170483366,0.66,0.66,5911050.126260401
8812.223400845542,1804.1102212058295,18159.18883973314,0.66,0.67,6000611.4918098
8943.749123246176,1831.0372394327571,18430.221508982795,0.66,0.6799999999999999,6090172.8573592
9075.274845646927,1857.9642576596818,18701.254178232677,0.66,0.69,6179734.222908599
9206.800568047503,1884.8912758866122,18972.286847482446,0.66,0.7,6269295.588458
9338.326290448254,1911.8182941135399,19243.319516732103,0.66,0.71,6358856.9540074
9469.852012849005,1938.7453123404705,19514.35218598198,0.66,0.72,6448418.3195568
9601.37773524964,1965.672330567625,19785.38485523152,0.66,0.73,6537979.6851062
9732.903457650391,1992.5993487944363,20056.417524481174,0.66,0.74,6627541.0506556
9864.429180051025,2019.526367021483,20327.450193730943,0.66,0.75,6717102.416205
9995.954902451776,2046.4533852484137,20598.48286298083,0.66,0.76,6806663.781754401
10127.48062485247,2073.380403475341,20869.51553223048,0.66,0.77,6896225.1473038
10259.006347253046,2100.3074217024987,21140.548201480255,0.66,0.78,6985786.512853201
10390.53206965368,2127.2344399291965,21411.580870729904,0.66,0.79,7075347.8784026
10522.057792054431,2154.161458156127,21682.61353997979,0.66,0.8,7164909.2439520005
10653.583514455124,2181.0884763832873,21953.64620922956,0.66,0.81,7254470.609501401
10785.1092368557,2208.0154946102152,22224.678878479215,0.66,0.8200000000000001,7344031.9750508005
10916.634959256451,2234.9425128369185,22495.711547729097,0.66,0.8300000000000001,7433593.340600201
11048.160681657086,2261.8695310640705,22766.74421697887,0.66,0.8400000000000001,7523154.7061496
11179.68640405772,2288.796549290998,23037.77688622852,0.66,0.8500000000000001,7612716.071699001
11311.212126458471,2315.7235675179286,23308.80955547829,0.66,0.86,7702277.4372484
11442.737848859164,2342.6505857449697,23579.842224728174,0.66,0.87,7791838.8027978
11574.263571259915,2369.5776039717866,23850.874893977823,0.66,0.88,7881400.1683472
11705.789293660491,2396.504622198714,24121.907563227593,0.66,0.89,7970961.5338966
11837.315016061242,2423.4316404258716,24392.94023247725,0.66,0.9,8060522.899446
6547.838331292791,1340.526848099963,13493.01162049303,0.67,0.5,4458696.988265
6678.7950979187735,1367.3373850620237,13762.871852902736,0.67,0.51,4547870.9280303
6809.751864544465,1394.1479220238632,14032.732085312673,0.67,0.52,4637044.867795601
6940.70863117039,1420.9584589860403,14302.592317722496,0.67,0.53,4726218.8075609
7071.665397796256,1447.7689959479846,14572.452550132552,0.67,0.54,4815392.747326201
7202.622164422239,1474.5795329099406,14842.312782542262,0.67,0.55,4904566.6870915005
7333.578931047872,1501.3900698720013,15112.173014951968,0.67,0.56,4993740.626856801
7464.535697673855,1528.200606834065,15382.033247361907,0.67,0.5700000000000001,5082914.566622101
7595.492464299721,1555.0111437960122,15651.893479771961,0.67,0.58,5172088.5063873995
7726.449230925471,1581.821680758073,15921.753712181557,0.67,0.59,5261262.4461527
7857.405997551337,1608.6322177199154,16191.61394459149,0.67,0.6,5350436.385918
7988.36276417732,1635.4427546819732,16461.474177001433,0.67,0.61,5439610.3256833
8119.319530803186,1662.2532916440368,16731.334409411258,0.67,0.62,5528784.2654486
8250.276297428994,1689.0638286058763,17001.19464182108,0.67,0.63,5617958.205213901
8381.233064054803,1715.8743655680476,17271.05487423102,0.67,0.64,5707132.1449792
8512.18983068061,1742.6849025299978,17540.91510664084,0.67,0.65,5796306.084744501
8643.146597306652,1769.495439491948,17810.775339050782,0.67,0.66,5885480.024509801
8774.103363932343,1796.3059764540114,18080.635571460487,0.67,0.67,5974653.964275101
8905.060130558268,1823.1165134160751,18350.495803870428,0.67,0.6799999999999999,6063827.9040404
9036.016897184076,1849.9270503779119,18620.356036280366,0.67,0.69,6153001.8438057
9166.97366381,1876.737587340083,18890.216268690074,0.67,0.7,6242175.783571
9297.93043043575,1903.5481243019226,19160.07650110002,0.67,0.71,6331349.7233363
9428.887197061675,1930.3586612639863,19429.936733509952,0.67,0.72,6420523.6631016005
9559.843963687541,1957.169198226044,19699.796965919773,0.67,0.73,6509697.6028669
9690.800730313407,1983.9797351880002,19969.657198329598,0.67,0.74,6598871.542632201
9821.757496939215,2010.7902721499472,20239.51743073954,0.67,0.75,6688045.4823975
9952.71426356514,2037.6008091121216,20509.377663149364,0.67,0.76,6777219.4221628
10083.67103019089,2064.411346073958,20779.237895559298,0.67,0.77,6866393.361928101
10214.627796816756,2091.221883035792,21049.098127968897,0.67,0.78,6955567.3016934
10345.584563442622,2118.0324199980823,21318.95836037895,0.67,0.79,7044741.241458701
10476.541330068547,2144.8429569599193,21588.81859278866,0.67,0.8,7133915.181224001
10607.498096694413,2171.6534939220965,21858.678825198593,0.67,0.81,7223089.120989301
10738.454863320221,2198.464030883933,22128.539057608312,0.67,0.8200000000000001,7312263.060754601
10869.41162994603,2225.2745678459937,22398.39929001847,0.67,0.8300000000000001,7401437.0005199015
11000.368396571896,2252.085104808057,22668.259522428183,0.67,0.8400000000000001,7490610.940285201
11131.325163197936,2278.8956417700047,22938.11975483812,0.67,0.8500000000000001,7579784.880050501
11262.281929823686,2305.7061787319576,23207.97998724783,0.67,0.86,7668958.8198158005
11393.23869644961,2332.5167156941347,23477.84021965777,0.67,0.87,7758132.7595811
11524.19546307536,2359.3272526559654,23747.700452067704,0.67,0.88,7847306.699346401
11655.152229701285,2386.1377896181425,24017.56068447742,0.67,0.89,7936480.6391117005
11786.108996327035,2412.948326579982,24287.420916887357,0.67,0.9,8025654.578877001
6519.390542551642,1334.7027848524597,13434.389778498522,0.68,0.5,4439325.6990600005
6649.77835340274,1361.3968405493188,13703.07757406852,0.68,0.51,4528112.2130412
6780.166164253722,1388.090896246402,13971.765369638511,0.68,0.52,4616898.727022401
6910.553975104704,1414.7849519433687,14240.453165208617,0.68,0.53,4705685.241003601
7040.941785955802,1441.4790076405714,14509.140960778383,0.68,0.54,4794471.754984801
7171.329596806725,1468.1730633376487,14777.828756348492,0.68,0.55,4883258.2689660005
7301.717407657881,1494.8671190346242,15046.51655191837,0.68,0.56,4972044.782947201
7432.105218508805,1521.5611747317018,15315.204347488369,0.68,0.5700000000000001,5060831.296928401
7562.493029359903,1548.2552304286744,15583.892143058247,0.68,0.58,5149617.8109096
7692.880840210943,1574.9492861257577,15852.579938628465,0.68,0.59,5238404.324890801
7823.268651061982,1601.6433418229544,16121.267734198227,0.68,0.6,5327190.838872001
7953.656461912964,1628.337397519927,16389.95552976834,0.68,0.61,5415977.3528532
8084.044272764062,1655.0314532170073,16658.643325338217,0.68,0.62,5504763.8668344
8214.43208361516,1681.7255089139771,16927.33112090821,0.68,0.63,5593550.380815601
8344.819894466142,1708.4195646110604,17196.01891647809,0.68,0.64,5682336.894796801
8475.207705317182,1735.1136203082572,17464.70671204819,0.68,0.65,5771123.408778001
8605.595516168163,1761.8076760049998,17733.394507618075,0.68,0.66,5859909.9227592
8735.983327019203,1788.5017317021995,18002.08230318818,0.68,0.67,5948696.436740401
8866.371137870185,1815.1957873991635,18270.77009875806,0.68,0.6799999999999999,6037482.9507216
8996.75894872134,1841.8898430962524,18539.457894328054,0.68,0.69,6126269.4647028
9127.146759572322,1868.5838987933298,18808.145689897938,0.68,0.7,6215055.978684001
9257.53457042342,1895.2779544903026,19076.83348546793,0.68,0.71,6303842.4926652005
9387.922381274402,1921.9720101875023,19345.52128103781,0.68,0.72,6392629.0066464
9518.310192125384,1948.666065884469,19614.209076607916,0.68,0.73,6481415.5206276
9648.698002976424,1975.3601215815522,19882.896872177793,0.68,0.74,6570202.034608801
9779.085813827522,2002.0541772786355,20151.584667747902,0.68,0.75,6658988.548590001
9909.473624678503,2028.7482329756053,20420.272463317782,0.68,0.76,6747775.062571201
10039.861435529601,2055.442288672802,20688.960258887888,0.68,0.77,6836561.576552401
10170.249246380525,2082.136344369772,20957.64805445788,0.68,0.78,6925348.090533601
10300.637057231565,2108.8304000668522,21226.335850027648,0.68,0.79,7014134.604514801
10431.024868082604,2135.524455763941,21495.023645597754,0.68,0.8,7102921.118496001
10561.412678933702,2162.2185114607973,21763.711441167747,0.68,0.81,7191707.6324772015
10691.800489784684,2188.9125671578804,22032.399236737623,0.68,0.8200000000000001,7280494.146458401
10822.188300635782,2215.6066228548502,22301.08703230762,0.68,0.8300000000000001,7369280.660439601
10952.576111486822,2242.3006785519306,22569.77482787773,0.68,0.8400000000000001,7458067.174420802
11082.963922337862,2268.9947342491305,22838.462623447496,0.68,0.8500000000000001,7546853.688402002
11213.351733188785,2295.688789946097,23107.150419017602,0.68,0.86,7635640.202383201
11343.739544039883,2322.3828456431834,23375.83821458748,0.68,0.87,7724426.7163644
11474.127354890865,2349.07690134015,23644.52601015747,0.68,0.88,7813213.230345601
11604.515165741963,2375.7709570372335,23913.213805727468,0.68,0.89,7901999.744326801
11734.902976593003,2402.465012734203,24181.901601297574,0.68,0.9,7990786.258308001
6490.942753810494,1328.8787216047292,13375.767936504137,0.6900000000000001,0.5,4419954.409855
6620.761608886649,1355.4562960369515,13643.283295234298,0.6900000000000001,0.51,4508353.4980521
6750.580463962804,1382.0338704689377,13910.798653964352,0.6900000000000001,0.52,4596752.5862492
6880.399319039134,1408.6114449010436,14178.314012694396,0.6900000000000001,0.53,4685151.6744463
7010.218174115231,1435.189019333033,14445.829371424563,0.6900000000000001,0.54,4773550.7626434
7140.037029191502,1461.7665937652494,14713.344730154611,0.6900000000000001,0.55,4861949.850840501
7269.855884267774,1488.344168197355,14980.860088884661,0.6900000000000001,0.56,4950348.9390376005
7399.674739343929,1514.9217426294579,15248.375447614595,0.6900000000000001,0.5700000000000001,5038748.0272347005
7529.4935944201425,1541.499317061453,15515.890806344984,0.6900000000000001,0.58,5127147.1154318
7659.312449496356,1568.0768914936664,15783.406165074917,0.6900000000000001,0.59,5215546.2036288995
7789.131304572627,1594.6544659257663,16050.921523805078,0.6900000000000001,0.6,5303945.2918259995
7918.950159648841,1621.2320403577617,16318.436882535016,0.6900000000000001,0.61,5392344.3800230995
8048.769014724938,1647.809614789978,16585.95224126518,0.6900000000000001,0.62,5480743.468220199
8178.5878698012675,1674.3871892219702,16853.467599995114,0.6900000000000001,0.63,5569142.556417299
8308.40672487748,1700.9647636541836,17120.982958725275,0.6900000000000001,0.64,5657541.644614399
8438.22557995352,1727.542338086176,17388.49831745544,0.6900000000000001,0.65,5745940.7328115
8568.04443502985,1754.119912518395,17656.0136761856,0.6900000000000001,0.66,5834339.8210086
8697.863290106005,1780.697486950268,17923.529034915533,0.6900000000000001,0.67,5922738.9092057
8827.682145182218,1807.2750613824903,18191.044393645694,0.6900000000000001,0.6799999999999999,6011137.997402799
8957.501000258431,1833.8526358145903,18458.559752375746,0.6900000000000001,0.69,6099537.085599899
9087.319855334645,1860.4302102466959,18726.075111105678,0.6900000000000001,0.7,6187936.173796999
9217.138710410916,1887.0077846786824,18993.59046983596,0.6900000000000001,0.71,6276335.261994099
9346.95756548713,1913.5853591109017,19261.105828566007,0.6900000000000001,0.72,6364734.350191199
9476.776420563343,1940.1629335430046,19528.621187296172,0.6900000000000001,0.73,6453133.438388299
9606.595275639556,1966.7405079749967,19796.1365460261,0.6900000000000001,0.74,6541532.526585399
9736.414130715653,1993.3180824070996,20063.651904756265,0.6900000000000001,0.75,6629931.614782499
9866.232985791867,2019.895656839316,20331.1672634862,0.6900000000000001,0.76,6718330.7029796
9996.051840868196,2046.4732312714218,20598.682622216365,0.6900000000000001,0.77,6806729.7911767
10125.870695944352,2073.0508057034112,20866.197980946527,0.6900000000000001,0.78,6895128.8793738
10255.689551020623,2099.628380135511,21133.71333967669,0.6900000000000001,0.79,6983527.9675709
10385.508406096778,2126.205954567733,21401.228698406623,0.6900000000000001,0.8,7071927.055768
10515.32726117305,2152.783528999606,21668.744057136784,0.6900000000000001,0.81,7160326.1439651
10645.146116249205,2179.3611034318283,21936.25941586672,0.6900000000000001,0.8200000000000001,7248725.2321622
10774.96497132536,2205.938677863928,22203.774774596885,0.6900000000000001,0.8300000000000001,7337124.3203593
10904.783826401574,2232.5162522961505,22471.29013332693,0.6900000000000001,0.8400000000000001,7425523.4085564
11034.602681477845,2259.0938267280235,22738.805492057207,0.6900000000000001,0.8500000000000001,7513922.496753501
11164.421536553942,2285.67140116024,23006.320850787142,0.6900000000000001,0.86,7602321.5849506
11294.240391630272,2312.248975592229,23273.836209517194,0.6900000000000001,0.87,7690720.6731477
11424.059246706427,2338.8265500243347,23541.351568247243,0.6900000000000001,0.88,7779119.7613448
11553.87810178264,2365.404124456438,23808.8669269774,0.6900000000000001,0.89,7867518.8495419
11683.69695685897,2391.981698888657,24076.38228570745,0.6900000000000001,0.9,7955917.937739
6462.494965069287,1323.0546583570076,13317.14609450964,0.7000000000000001,0.5,4400583.12065
6591.744864370674,1349.515751524354,13583.489016399855,0.7000000000000001,0.51,4488594.783063
6720.994763672061,1375.9768446914766,13849.831938290188,0.7000000000000001,0.52,4576606.445476
6850.244662973448,1402.437937858602,14116.174860180294,0.7000000000000001,0.53,4664618.107889
6979.494562274835,1428.8990310258407,14382.51778207051,0.7000000000000001,0.54,4752629.770302
7108.74446157628,1455.3601241929662,14648.86070396073,0.7000000000000001,0.55,4840641.432715001
7237.994360877608,1481.8212173599752,14915.20362585083,0.7000000000000001,0.56,4928653.095128001
7367.244260178995,1508.2823105271004,15181.546547741049,0.7000000000000001,0.5700000000000001,5016664.757541001
7496.494159480324,1534.74340369422,15447.889469631265,0.7000000000000001,0.58,5104676.419954
7625.744058781769,1561.2044968613484,15714.232391521375,0.7000000000000001,0.59,5192688.082366999
7754.993958083214,1587.665590028587,15980.575313411591,0.7000000000000001,0.6,5280699.744779999
7884.243857384543,1614.1266831957066,16246.918235301811,0.7000000000000001,0.61,5368711.4071929995
8013.493756686046,1640.587776362832,16513.26115719191,0.7000000000000001,0.62,5456723.069606
8142.7436559872585,1667.0488695298468,16779.604079082244,0.7000000000000001,0.63,5544734.732019
8271.993555288762,1693.5099626971935,17045.94700097246,0.7000000000000001,0.64,5632746.394432
8401.243454590149,1719.9710558643187,17312.28992286268,0.7000000000000001,0.65,5720758.056845
8530.493353891477,1746.4321490314471,17578.63284475278,0.7000000000000001,0.66,5808769.719258
8659.743253192864,1772.8932421986801,17844.975766643005,0.7000000000000001,0.67,5896781.381671
8788.993152494368,1799.3543353658054,18111.318688533214,0.7000000000000001,0.6799999999999999,5984793.0440839995
8918.24305179558,1825.8154285329338,18377.66161042355,0.7000000000000001,0.69,6072804.706497
9047.492951096967,1852.2765216999428,18644.004532313535,0.7000000000000001,0.7,6160816.36891
9176.74285039847,1878.737614867065,18910.347454203875,0.7000000000000001,0.71,6248828.031323
9305.992749699799,1905.1987080341846,19176.690376093862,0.7000000000000001,0.72,6336839.693736
9435.242649001186,1931.6598012014294,19443.03329798408,0.7000000000000001,0.73,6424851.356149
9564.49254830269,1958.1208943686654,19709.376219874295,0.7000000000000001,0.74,6512863.018562
9693.742447604018,1984.5819875359014,19975.719141764628,0.7000000000000001,0.75,6600874.680974999
9822.992346905346,2011.0430807028026,20242.06206365496,0.7000000000000001,0.76,6688886.343388
9952.242246206733,2037.5041738700386,20508.40498554495,0.7000000000000001,0.77,6776898.005801
10081.492145508062,2063.965267037161,20774.74790743528,0.7000000000000001,0.78,6864909.668214
10210.742044809565,2090.4263602042834,21041.090829325385,0.7000000000000001,0.79,6952921.330627
10339.99194411101,2116.887453371409,21307.433751215718,0.7000000000000001,0.8,7040932.99304
10469.24184341234,2143.3485465386475,21573.77667310571,0.7000000000000001,0.81,7128944.655453
10598.491742713668,2169.80963970577,21840.119594996042,0.7000000000000001,0.8200000000000001,7216956.317866
10727.741642015055,2196.270732872782,22106.46251688626,0.7000000000000001,0.8300000000000001,7304967.9802790005
10856.991541316384,2222.7318260399074,22372.805438776362,0.7000000000000001,0.8400000000000001,7392979.642692001
10986.241440617887,2249.192919207033,22639.14836066658,0.7000000000000001,0.8500000000000001,7480991.305105001
11115.4913399191,2275.654012374382,22905.4912825568,0.7000000000000001,0.86,7569002.967518
11244.74123922066,2302.1151055415075,23171.834204447132,0.7000000000000001,0.87,7657014.629931
11373.991138522106,2328.5761987087462,23438.17712633724,0.7000000000000001,0.88,7745026.292344
11503.241037823376,2355.037291875639,23704.520048227452,0.7000000000000001,0.89,7833037.954757
11632.490937124763,2381.4983850428807,23970.862970117672,0.7000000000000001,0.9,7921049.61717
6434.04717632808,1317.2305951095043,13258.524252515364,0.71,0.5,4381211.831445
6562.728119854757,1343.5752070117599,13523.694737565529,0.71,0.51,4468836.0680739
6691.409063381201,1369.9198189140182,13788.865222615914,0.71,0.52,4556460.304702801
6820.090006907762,1396.2644308161632,14054.035707666186,0.71,0.53,4644084.5413317
6948.770950434322,1422.6090427183083,14319.206192716454,0.71,0.54,4731708.7779606
7077.451893960941,1448.9536546205609,14584.376677766842,0.71,0.55,4819333.014589501
7206.132837487501,1475.2982665227116,14849.54716281723,0.71,0.56,4906957.251218401
7334.81378101412,1501.6428784249701,15114.71764786751,0.71,0.5700000000000001,4994581.4878473
7463.49472454068,1527.9874903272287,15379.888132917895,0.71,0.58,5082205.7244762
7592.175668067241,1554.3321022292541,15645.058617968056,0.71,0.59,5169829.9611051
7720.856611593743,1580.6767141315127,15910.229103018326,0.71,0.6,5257454.197734
7849.537555120303,1607.0213260336577,16175.399588068714,0.71,0.61,5345078.4343629
7978.218498646922,1633.365937935695,16440.570073119095,0.71,0.62,5432702.6709918
8106.899442173482,1659.7105498379476,16705.740558169262,0.71,0.63,5520326.9076207
8235.580385699985,1686.0551617402061,16970.91104321965,0.71,0.64,5607951.1442496
8364.261329226603,1712.3997736422375,17236.081528270035,0.71,0.65,5695575.380878501
8492.942272753047,1738.744385544496,17501.25201332019,0.71,0.66,5783199.6175074
8621.623216279724,1765.0889974467545,17766.42249837058,0.71,0.67,5870823.8541363
8750.304159806285,1791.4336093488994,18031.592983420855,0.71,0.6799999999999999,5958448.0907652
8878.985103332787,1817.778221251158,18296.76346847124,0.71,0.69,6046072.3273941
9007.666046859405,1844.1228331534164,18561.9339535214,0.71,0.7,6133696.564023
9136.346990386024,1870.467445055445,18827.104438571787,0.71,0.71,6221320.8006519
9265.027933912526,1896.8120569577036,19092.274923622175,0.71,0.72,6308945.0372808
9393.708877439145,1923.1566688599648,19357.445408672556,0.71,0.73,6396569.2739097
9522.389820965647,1949.5012807619964,19622.61589372272,0.71,0.74,6484193.5105386
9651.070764492266,1975.8458926642547,19887.786378772995,0.71,0.75,6571817.7471675
9779.751708018826,2002.1905045665103,20152.95686382338,0.71,0.76,6659441.9837964
9908.432651545387,2028.5351164686554,20418.12734887354,0.71,0.77,6747066.2204253
10037.113595071947,2054.8797283709137,20683.297833923923,0.71,0.78,6834690.457054201
10165.794538598508,2081.2243402731724,20948.468318974312,0.71,0.79,6922314.693683101
10294.475482124952,2107.568952175204,21213.6388040247,0.71,0.8,7009938.930312
10423.15642565157,2133.913564077462,21478.809289074972,0.71,0.81,7097563.1669409005
10551.83736917813,2160.258175979721,21743.979774125135,0.71,0.8200000000000001,7185187.403569801
10680.518312704691,2186.602787881752,22009.150259175523,0.71,0.8300000000000001,7272811.640198701
10809.199256231426,2212.947399784005,22274.32074422579,0.71,0.8400000000000001,7360435.876827601
10937.88019975787,2239.2920116862692,22539.491229276064,0.71,0.8500000000000001,7448060.113456501
11066.561143284489,2265.6366235884143,22804.661714326452,0.71,0.86,7535684.3500854
11195.242086810991,2291.9812354906726,23069.832199376728,0.71,0.87,7623308.5867143
11323.923030337552,2318.3258473929254,23335.002684427112,0.71,0.88,7710932.823343201
11452.603973864112,2344.670459294957,23600.173169477275,0.71,0.89,7798557.0599721
11581.28491739073,2371.015071197215,23865.343654527544,0.71,0.9,7886181.296601
6405.599387586932,1311.4065318618843,13199.902410520868,0.72,0.5,4361840.54224
6533.711375338666,1337.634662499052,13463.90045873131,0.72,0.51,4449077.353084801
6661.823363090458,1363.8627931364435,13727.898506941863,0.72,0.52,4536314.1639296
6789.935350842134,1390.0909237736053,13991.896555152305,0.72,0.53,4623550.974774401
6918.047338593926,1416.3190544108832,14255.894603362522,0.72,0.54,4710787.7856192
7046.159326345718,1442.5471850480478,14519.892651573076,0.72,0.55,4798024.596464001
7174.271314097394,1468.7753156854453,14783.890699783522,0.72,0.56,4885261.407308801
7302.383301849186,1495.0034463226098,15047.888747993737,0.72,0.5700000000000001,4972498.218153601
7430.495289600862,1521.2315769597774,15311.886796204288,0.72,0.58,5059735.0289984
7558.607277352654,1547.4597075969418,15575.884844414735,0.72,0.59,5146971.8398432005
7686.719265104388,1573.6878382343305,15839.882892624948,0.72,0.6,5234208.650688
7814.83125285618,1599.9159688714951,16103.88094083562,0.72,0.61,5321445.4615328
7942.943240607798,1626.1440995086598,16367.87898904595,0.72,0.62,5408682.2723776
8071.05522835959,1652.3722301458272,16631.877037256276,0.72,0.63,5495919.0832224
8199.167216111382,1678.6003607834457,16895.875085466832,0.72,0.64,5583155.894067201
8327.279203863058,1704.8284914206104,17159.873133677276,0.72,0.65,5670392.704912
8455.39119161485,1731.0566220577778,17423.871181887604,0.72,0.66,5757629.515756801
8583.503179366526,1757.2847526949424,17687.869230098044,0.72,0.67,5844866.326601601
8711.61516711826,1783.512883332334,17951.867278308484,0.72,0.6799999999999999,5932103.1374464
8839.727154869935,1809.7410139694957,18215.865326518928,0.72,0.69,6019339.9482912
8967.83914262167,1835.9691446066604,18479.86337472926,0.72,0.7,6106576.759136
9095.95113037352,1862.1972752438278,18743.861422939703,0.72,0.71,6193813.5699808
9224.063118125254,1888.4254058812194,19007.859471150143,0.72,0.72,6281050.380825601
9352.17510587693,1914.653536518384,19271.85751936059,0.72,0.73,6368287.1916704
9480.28709362878,1940.881667155662,19535.85556757091,0.72,0.74,6455524.0025152005
9608.399081380514,1967.1097977928296,19799.853615781354,0.72,0.75,6542760.81336
9736.511069132132,1993.3379284302212,20063.851663991798,0.72,0.76,6629997.6242048
9864.623056883982,2019.5660590673856,20327.84971220224,0.72,0.77,6717234.435049601
9992.735044635658,2045.7941897045503,20591.8477604128,0.72,0.78,6804471.2458944
10120.847032387392,2072.0223203417177,20855.845808623013,0.72,0.79,6891708.056739201
10248.959020139184,2098.2504509791092,21119.843856833453,0.72,0.8,6978944.867584001
10377.071007890918,2124.478581616274,21383.84190504401,0.72,0.81,7066181.678428801
10505.182995642652,2150.7067122534413,21647.839953254454,0.72,0.8200000000000001,7153418.489273601
10633.294983394502,2176.934842890606,21911.838001464672,0.72,0.8300000000000001,7240655.300118401
10761.40697114612,2203.1629735282245,22175.836049675225,0.72,0.8400000000000001,7327892.110963201
10889.51895889797,2229.3911041653864,22439.834097885665,0.72,0.8500000000000001,7415128.921808002
11017.630946649646,2255.6192348025506,22703.83214609588,0.72,0.86,7502365.7326528
11145.742934401322,2281.8473654397185,22967.83019430644,0.72,0.87,7589602.543497601
11273.854922153056,2308.0754960768827,23231.82824251688,0.72,0.88,7676839.354342401
11401.96690990479,2334.3036267142743,23495.82629072721,0.72,0.89,7764076.1651872005
11530.078897656582,2360.531757351439,23759.82433893776,0.72,0.9,7851312.976032001
6377.151598845783,1305.5824686141568,13141.280568526594,0.73,0.5,4342469.253035
6504.6946308226325,1331.6941179866847,13404.10617989698,0.73,0.51,4429318.638095699
6632.237662799598,1357.8057673588687,13666.93179126759,0.73,0.52,4516168.0231564
6759.780694776506,1383.9174167311694,13929.75740263809,0.73,0.53,4603017.4082170995
6887.323726753413,1410.0290661033534,14192.583014008813,0.73,0.54,4689866.7932778
7014.866758730379,1436.1407154757676,14455.408625379081,0.73,0.55,4776716.1783385
7142.409790707228,1462.2523648480624,14718.234236749695,0.73,0.56,4863565.5633992
7269.952822684252,1488.364014220363,14981.05984812019,0.73,0.5700000000000001,4950414.9484599
7397.4958546611015,1514.475663592547,15243.885459490806,0.73,0.58,5037264.3335206
7525.038886638009,1540.5873129650747,15506.711070861184,0.73,0.59,5124113.718581299
7652.581918614975,1566.6989623371455,15769.536682231916,0.73,0.6,5210963.103641999
7780.124950591882,1592.810611709446,16032.36229360252,0.73,0.61,5297812.4887027
7907.66798256879,1618.9222610817467,16295.187904972909,0.73,0.62,5384661.873763399
8035.211014545697,1645.033910453931,16558.01351634352,0.73,0.63,5471511.2588241
8162.754046522547,1671.1455598264586,16820.839127714018,0.73,0.64,5558360.643884799
8290.29707849957,1697.2572091985292,17083.6647390844,0.73,0.65,5645210.0289455
8417.840110476478,1723.3688585708298,17346.490350455013,0.73,0.66,5732059.4140062
8545.383142453444,1749.4805079431273,17609.31596182551,0.73,0.67,5818908.799066899
8672.926174430293,1775.5921573155415,17872.14157319612,0.73,0.6799999999999999,5905758.184127599
8800.469206407259,1801.7038066878363,18134.967184566503,0.73,0.69,5992607.569188299
8928.012238384166,1827.815456060137,18397.79279593712,0.73,0.7,6079456.954248999
9055.555270361016,1853.9271054322076,18660.61840730762,0.73,0.71,6166306.339309699
9183.09830233804,1880.0387548046217,18923.444018678223,0.73,0.72,6253155.7243703995
9310.641334314889,1906.1504041769224,19186.26963004884,0.73,0.73,6340005.109431099
9438.184366291796,1932.2620535492201,19449.095241419334,0.73,0.74,6426854.4944918
9565.727398268704,1958.3737029215206,19711.92085278995,0.73,0.75,6513703.879552499
9693.270430245611,1984.4853522937049,19974.746464160213,0.73,0.76,6600553.264613199
9820.813462222519,2010.5970016660053,20237.572075530945,0.73,0.77,6687402.6496739
9948.356494199426,2036.708651038303,20500.39768690144,0.73,0.78,6774252.034734599
10075.899526176334,2062.8203004106035,20763.223298272056,0.73,0.79,6861101.4197953
10203.442558153241,2088.931949782904,21026.048909642435,0.73,0.8,6947950.804856
10330.98559013009,2115.0435991553127,21288.87452101294,0.73,0.81,7034800.1899167
10458.528622107173,2141.1552485273833,21551.700132383547,0.73,0.8200000000000001,7121649.5749774
10586.071654084022,2167.266897899684,21814.525743754046,0.73,0.8300000000000001,7208498.9600381
10713.61468606093,2193.3785472719815,22077.351355124654,0.73,0.8400000000000001,7295348.3450988
10841.157718037837,2219.490196644282,22340.17696649504,0.73,0.8500000000000001,7382197.7301595
10968.700750014803,2245.601846016696,22603.00257786565,0.73,0.86,7469047.115220199
11096.243781991769,2271.713495388994,22865.82818923615,0.73,0.87,7555896.500280899
11223.786813968502,2297.8251447612947,23128.65380060676,0.73,0.88,7642745.8853416
11351.329845945525,2323.9367941333653,23391.479411977372,0.73,0.89,7729595.270402299
11478.872877922491,2350.0484435057792,23654.305023347755,0.73,0.9,7816444.655463
6348.703810104635,1299.7584053666565,13082.658726532096,0.74,0.5,4323097.96383
6475.677886306774,1325.7535734739708,13344.311901062758,0.74,0.51,4409559.9231066
6602.651962508855,1351.7487415814046,13605.96507559354,0.74,0.52,4496021.8823832
6729.626038710936,1377.7439096886112,13867.618250124207,0.74,0.53,4582483.8416598
6856.600114912901,1403.739077796045,14129.271424654646,0.74,0.54,4668945.8009364
6983.574191115156,1429.7342459033682,14390.924599185315,0.74,0.55,4755407.760213
7110.548267317237,1455.729414010799,14652.577773715977,0.74,0.56,4841869.7194896005
7237.522343519318,1481.7245821180027,14914.230948246644,0.74,0.5700000000000001,4928331.6787662
7364.496419721283,1507.719750225323,15175.884122777314,0.74,0.58,5014793.638042799
7491.470495923364,1533.7149183327567,15437.537297307868,0.74,0.59,5101255.5973194
7618.44457212562,1559.7100864399633,15699.19047183842,0.74,0.6,5187717.556596
7745.418648327701,1585.7052545472777,15960.843646369201,0.74,0.61,5274179.5158726
7872.39272452984,1611.7004226547115,16222.496820899869,0.74,0.62,5360641.475149199
7999.3668007317465,1637.695590761918,16484.149995430533,0.74,0.63,5447103.4344258
8126.340876933886,1663.6907588694712,16745.8031699612,0.74,0.64,5533565.3937024
8253.314953136025,1689.6859269766749,17007.45634449164,0.74,0.65,5620027.352979
8380.289029338222,1715.6810950842194,17269.109519022422,0.74,0.66,5706489.3122556
8507.263105540187,1741.676263191426,17530.76269355309,0.74,0.67,5792951.2715322
8634.237181742268,1767.6714312986326,17792.415868083757,0.74,0.6799999999999999,5879413.230808799
8761.21125794435,1793.666599406177,18054.069042614425,0.74,0.69,5965875.190085399
8888.185334146605,1819.6617675133837,18315.72221714509,0.74,0.7,6052337.149362
9015.159410348628,1845.656935620704,18577.375391675643,0.74,0.71,6138799.1086385995
9142.133486550709,1871.6521037281377,18839.028566206314,0.74,0.72,6225261.067915199
9269.107562752732,1897.6472718353443,19100.68174073686,0.74,0.73,6311723.027191799
9396.081638954813,1923.6424399426646,19362.334915267416,0.74,0.74,6398184.9864684
9523.055715156952,1949.6376080500925,19623.988089798313,0.74,0.75,6484646.945745
9650.029791359091,1975.6327761574125,19885.64126432898,0.74,0.76,6571108.9050215995
9777.003867561056,2001.6279442646194,20147.294438859535,0.74,0.77,6657570.8642982
9903.977943763195,2027.6231123720559,20408.947613390086,0.74,0.78,6744032.8235748
10030.952019965334,2053.618280479376,20670.600787920866,0.74,0.79,6830494.7828514
10157.926096167357,2079.61344858658,20932.25396245153,0.74,0.8,6916956.742128
10284.900172369555,2105.608616694124,21193.907136982198,0.74,0.81,7003418.7014046
10411.874248571577,2131.603784801331,21455.56031151264,0.74,0.8200000000000001,7089880.6606812
10538.848324773659,2157.5989529087647,21717.213486043303,0.74,0.8300000000000001,7176342.6199578
10665.82240097574,2183.594121016085,21978.866660573975,0.74,0.8400000000000001,7262804.579234401
10792.79647717782,2209.589289123289,22240.519835104642,0.74,0.8500000000000001,7349266.538511001
10919.77055337996,2235.584457230833,22502.173009635197,0.74,0.86,7435728.497787599
11046.744629582041,2261.5796253380454,22763.826184165857,0.74,0.87,7522190.457064199
11173.718705784122,2287.574793445252,23025.479358696528,0.74,0.88,7608652.4163408
11300.692781986203,2313.5699615527965,23287.13253322719,0.74,0.89,7695114.3756174
11427.666858188342,2339.5651296600004,23548.78570775786,0.74,0.9,7781576.334894
6320.256021363544,1293.9343421190367,13024.036884537822,0.75,0.5,4303726.674625
6446.661141790799,1319.81302896149,13284.517622228428,0.75,0.51,4389801.2081175
6573.066262218053,1345.6917158038357,13544.998359919153,0.75,0.52,4475875.74161
6699.471382645308,1371.570402646286,13805.479097609983,0.75,0.53,4561950.2751025
6825.876503072504,1397.449089488626,14065.95983530071,0.75,0.54,4648024.808595
6952.281623499817,1423.3277763310791,14326.440572991547,0.75,0.55,4734099.342087501
7078.68674392713,1449.206463173419,14586.921310682155,0.75,0.56,4820173.875580001
7205.091864354326,1475.0851500158724,14847.402048372875,0.75,0.5700000000000001,4906248.409072501
7331.496984781523,1500.9638368580986,15107.882786063716,0.75,0.58,4992322.942565
7457.902105208836,1526.8425237006625,15368.363523754437,0.75,0.59,5078397.4760575
7584.307225636207,1552.721210542889,15628.844261445272,0.75,0.6,5164472.00955
7710.712346063403,1578.5998973852345,15889.324999135997,0.75,0.61,5250546.5430425
7837.117466490716,1604.478584227685,16149.805736826602,0.75,0.62,5336621.076535
7963.522586917912,1630.3572710700248,16410.286474517434,0.75,0.63,5422695.6100275
8089.927707345225,1656.235957912481,16670.76721220816,0.75,0.64,5508770.14352
8216.332827772421,1682.1146447548178,16931.247949899,0.75,0.65,5594844.6770125
8342.737948199792,1707.9933315972712,17191.728687589715,0.75,0.66,5680919.210505
8469.143068627105,1733.8720184396109,17452.20942528056,0.75,0.67,5766993.7439975
8595.548189054301,1759.7507052820613,17712.690162971394,0.75,0.6799999999999999,5853068.277489999
8721.953309481672,1785.6293921242934,17973.170900662117,0.75,0.69,5939142.810982499
8848.358429908869,1811.5080789667468,18233.651638352723,0.75,0.7,6025217.344474999
8974.763550336123,1837.3867658090837,18494.132376043555,0.75,0.71,6111291.8779675
9101.168670763378,1863.26545265154,18754.613113734278,0.75,0.72,6197366.41146
9227.57379119069,1889.1441394938797,19015.093851425117,0.75,0.73,6283440.9449525
9353.978911617887,1915.0228263363301,19275.574589115837,0.75,0.74,6369515.478445
9480.384032045258,1940.90151317867,19536.055326806447,0.75,0.75,6455590.0119375
9606.789152472455,1966.78020002101,19796.536064497286,0.75,0.76,6541664.54543
9733.194272899767,1992.658886863239,20057.016802188005,0.75,0.77,6627739.0789225
9859.59939332708,2018.5375737056925,20317.49753987884,0.75,0.78,6713813.612415
9986.004513754335,2044.4162605480321,20577.978277569568,0.75,0.79,6799888.1459075
10112.409634181531,2070.2949473904855,20838.459015260287,0.75,0.8,6885962.679400001
10238.814754608844,2096.1736342328254,21098.939752951123,0.75,0.81,6972037.212892501
10365.219875036157,2122.0523210752785,21359.420490641733,0.75,0.8200000000000001,7058111.746385001
10491.624995463353,2147.9310079176157,21619.901228332565,0.75,0.8300000000000001,7144186.279877501
10618.030115890608,2173.809694760069,21880.38196602329,0.75,0.8400000000000001,7230260.813370001
10744.43523631792,2199.6883816024147,22140.862703714127,0.75,0.8500000000000001,7316335.3468625005
10870.840356745233,2225.567068444865,22401.34344140485,0.75,0.86,7402409.880355
10997.245477172488,2251.4457552870913,22661.824179095685,0.75,0.87,7488484.4138474995
11123.6505975998,2277.324442129661,22922.30491678641,0.75,0.88,7574558.94734
11250.055718027113,2303.2031289718843,23182.785654477244,0.75,0.89,7660633.4808325
11376.46083845431,2329.0818158142242,23443.26639216785,0.75,0.9,7746708.014325
6291.808232622279,1288.1102788715361,12965.415042543324,0.76,0.5,4284355.38542
6417.644397274707,1313.872484448788,13224.723343394213,0.76,0.51,4370042.4931284
6543.480561927194,1339.6346900263716,13484.031644245106,0.76,0.52,4455729.6008368
6669.31672657968,1365.3968956037309,13743.339945095999,0.76,0.53,4541416.7085452005
6795.15289123205,1391.1591011812068,14002.648245946772,0.76,0.54,4627103.816253601
6920.989055884536,1416.9213067586797,14261.956546797554,0.76,0.55,4712790.923962001
7046.8252205369645,1442.6835123359226,14521.264847648443,0.76,0.56,4798478.031670401
7172.661385189451,1468.445717913515,14780.573148499447,0.76,0.5700000000000001,4884165.139378801
7298.497549841879,1494.207923490758,15039.881449350341,0.76,0.58,4969852.2470872
7424.333714494191,1519.9701290683445,15299.189750201229,0.76,0.59,5055539.3547956
7550.169879146735,1545.7323346457067,15558.49805105201,0.76,0.6,5141226.462504
7676.006043799163,1571.4945402231797,15817.806351902786,0.76,0.61,5226913.5702124005
7801.842208451708,1597.2567458006583,16077.114652753677,0.76,0.62,5312600.677920801
7927.67837310402,1623.0189513779014,16336.422953604571,0.76,0.63,5398287.7856292
8053.514537756448,1648.7811569554908,16595.73125445546,0.76,0.64,5483974.8933376
8179.35070240905,1674.54336253285,16855.039555306357,0.76,0.65,5569662.001046
8305.186867061479,1700.305568110326,17114.347856157245,0.76,0.66,5655349.1087544
8431.02303171379,1726.0677736876853,17373.656157008136,0.76,0.67,5741036.2164628
8556.859196366335,1751.8299792651612,17632.964457859027,0.76,0.6799999999999999,5826723.324171199
8682.695361018763,1777.5921848425178,17892.272758709685,0.76,0.69,5912410.4318796
8808.531525671191,1803.3543904201072,18151.58105956058,0.76,0.7,5998097.539588
8934.36769032362,1829.1165959974637,18410.88936041147,0.76,0.71,6083784.6472964
9060.203854976047,1854.878801574826,18670.197661262366,0.76,0.72,6169471.7550048
9186.040019628475,1880.6410071524124,18929.505962113257,0.76,0.73,6255158.8627132
9311.876184281078,1906.4032127296612,19188.814262964035,0.76,0.74,6340845.9704216
9437.71234893339,1932.1654183072476,19448.122563814813,0.76,0.75,6426533.07813
9563.548513585876,1957.9276238844964,19707.4308646657,0.76,0.76,6512220.1858384
9689.384678238304,1983.6898294620828,19966.739165516825,0.76,0.77,6597907.2935468005
9815.220842890849,2009.4520350394394,20226.047466367712,0.76,0.78,6683594.401255201
9941.057007543219,2035.2142406168045,20485.355767218378,0.76,0.79,6769281.508963601
10066.893172195647,2060.9764461943882,20744.66406806927,0.76,0.8,6854968.616672001
10192.729336848191,2086.73865177164,21003.972368920156,0.76,0.81,6940655.724380401
10318.565501500561,2112.500857349223,21263.280669771168,0.76,0.8200000000000001,7026342.832088801
10444.401666152931,2138.263062926586,21522.588970621942,0.76,0.8300000000000001,7112029.939797201
10570.237830805418,2164.0252685040587,21781.897271472833,0.76,0.8400000000000001,7197717.047505601
10696.073995457904,2189.787474081418,22041.205572323728,0.76,0.8500000000000001,7283404.155214001
10821.910160110274,2215.549679658783,22300.513873174616,0.76,0.86,7369091.262922401
10947.74632476276,2241.311885236253,22559.822174025514,0.76,0.87,7454778.370630801
11073.582489415247,2267.0740908138428,22819.130474876172,0.76,0.88,7540465.4783392
11199.418654067675,2292.8362963912023,23078.438775727067,0.76,0.89,7626152.5860476
11325.254818720103,2318.5985019685645,23337.747076577958,0.76,0.9,7711839.693756
6263.360443881073,1282.2862156239194,12906.79320054905,0.77,0.5,4264984.096215
6388.627652758674,1307.931939936415,13164.929064559883,0.77,0.51,4350283.778139301
6513.894861636392,1333.5776642486833,13423.064928570942,0.77,0.52,4435583.460063601
6639.162070513994,1359.2233885611788,13681.200792581774,0.77,0.53,4520883.1419879
6764.429279391596,1384.8691128736684,13939.336656592835,0.77,0.54,4606182.8239122005
6889.696488269197,1410.5148371861667,14197.47252060378,0.77,0.55,4691482.505836501
7014.963697146799,1436.1605614986563,14455.608384614845,0.77,0.56,4776782.187760801
7140.230906024459,1461.806285811271,14713.74424862579,0.77,0.5700000000000001,4862081.869685101
7265.498114902119,1487.4520101237606,14971.880112636623,0.77,0.58,4947381.5516094
7390.765323779662,1513.0977344360292,15230.0159766478,0.77,0.59,5032681.2335337
7516.032532657322,1538.7434587485216,15488.151840658631,0.77,0.6,5117980.915458
7641.299741534924,1564.389183061017,15746.287704669696,0.77,0.61,5203280.5973823005
7766.5669504125835,1590.0349073735126,16004.423568680637,0.77,0.62,5288580.279306601
7891.834159290185,1615.6806316858945,16262.559432691582,0.77,0.63,5373879.9612309
8017.101368167845,1641.3263559985005,16520.69529670265,0.77,0.64,5459179.6431552
8142.368577045505,1666.972080310996,16778.831160713595,0.77,0.65,5544479.325079501
8267.635785923107,1692.6178046234884,17036.967024724654,0.77,0.66,5629779.007003801
8392.902994800708,1718.2635289358734,17295.10288873537,0.77,0.67,5715078.688928101
8518.17020367831,1743.909253248363,17553.238752746547,0.77,0.6799999999999999,5800378.3708524
8643.43741255597,1769.5549775608613,17811.37461675761,0.77,0.69,5885678.0527767
8768.704621433513,1795.2007018733539,18069.510480768444,0.77,0.7,5970977.734701
8893.971830311115,1820.8464261858464,18327.646344779612,0.77,0.71,6056277.4166253
9019.239039188775,1846.4921504983417,18585.78220879045,0.77,0.72,6141577.098549601
9144.506248066493,1872.1378748108373,18843.91807280162,0.77,0.73,6226876.7804739
9269.773456944095,1897.7835991233328,19102.05393681234,0.77,0.74,6312176.4623982
9395.040665821696,1923.4293234357117,19360.189800823402,0.77,0.75,6397476.144322501
9520.307874699298,1949.0750477482072,19618.32566483435,0.77,0.76,6482775.826246801
9645.575083576958,1974.7207720607025,19876.46152884541,0.77,0.77,6568075.508171101
9770.84229245456,2000.3664963731921,20134.597392856358,0.77,0.78,6653375.1900954
9896.10950133222,2026.0122206856906,20392.73325686719,0.77,0.79,6738674.872019701
10021.376710209704,2051.657944998183,20650.869120878368,0.77,0.8,6823974.553944001
10146.643919087364,2077.3036693106815,20909.004984889198,0.77,0.81,6909274.235868301
10271.911127965024,2102.949393622944,21167.14084890037,0.77,0.8200000000000001,6994573.9177926015
10397.178336842568,2128.595117935434,21425.276712911207,0.77,0.8300000000000001,7079873.599716901
10522.445545720228,2154.2408422480485,21683.412576922263,0.77,0.8400000000000001,7165173.281641201
10647.712754598004,2179.8865665606545,21941.54844093321,0.77,0.8500000000000001,7250472.963565501
10772.979963475489,2205.5322908730363,22199.68430494416,0.77,0.86,7335772.645489801
10898.247172353207,2231.178015185526,22457.820168955106,0.77,0.87,7421072.327414101
11023.514381230809,2256.8237394980274,22715.956032966165,0.77,0.88,7506372.0093384
11148.781590108469,2282.4694638105198,22974.091896977112,0.77,0.89,7591671.691262701
11274.04879898607,2308.115188122785,23232.227760988175,0.77,0.9,7676971.373187001
6234.912655139982,1276.462152376189,12848.171358554548,0.78,0.5,4245612.807010001
6359.610908242699,1301.991395423707,13105.134785725437,0.78,0.51,4330525.063150201
6484.309161345591,1327.5206384712221,13362.09821289678,0.78,0.52,4415437.3192904005
6609.007414448308,1353.0498815188478,13619.061640067672,0.78,0.53,4500349.575430601
6733.705667551083,1378.579124566479,13876.025067238783,0.78,0.54,4585261.831570801
6858.403920653975,1404.1083676138778,14132.988494410132,0.78,0.55,4670174.087711001
6983.102173756692,1429.6376106612793,14389.951921581016,0.78,0.56,4755086.343851201
7107.800426859525,1455.1668537089079,14646.915348752016,0.78,0.5700000000000001,4839998.599991401
7232.498679962417,1480.6960967563093,14903.878775923251,0.78,0.58,4924910.8561316
7357.196933065075,1506.225339803938,15160.842203094368,0.78,0.59,5009823.112271801
7481.895186167967,1531.7545828515665,15417.805630265368,0.78,0.6,5094735.368412
7606.593439270742,1557.283825898968,15674.769057436484,0.78,0.61,5179647.624552201
7731.291692373459,1582.813068946483,15931.7324846076,0.78,0.62,5264559.880692401
7855.989945476351,1608.3423119939953,16188.695911778605,0.78,0.63,5349472.1368326
7980.688198579184,1633.8715550415102,16445.65933894983,0.78,0.64,5434384.392972801
8105.386451681843,1659.4007980890283,16702.622766120832,0.78,0.65,5519296.649113001
8230.084704784676,1684.9300411365405,16959.586193292063,0.78,0.66,5604208.905253201
8354.78295788751,1710.4592841841688,17216.549620463178,0.78,0.67,5689121.161393401
8479.481210990343,1735.9885272318004,17473.51304763418,0.78,0.6799999999999999,5774033.417533601
8604.17946409306,1761.517770279199,17730.4764748053,0.78,0.69,5858945.6736738
8728.87771719601,1787.0470133266006,17987.439901976413,0.78,0.7,5943857.929814001
8853.575970298727,1812.5762563742292,18244.4033291473,0.78,0.71,6028770.1859542
8978.274223401502,1838.1054994216306,18501.366756318643,0.78,0.72,6113682.4420944005
9102.972476504336,1863.6347424692592,18758.330183489532,0.78,0.73,6198594.698234601
9227.67072960711,1889.1639855168848,19015.293610660647,0.78,0.74,6283506.9543748
9352.368982709886,1914.693228564403,19272.257037831994,0.78,0.75,6368419.210515001
9477.067235812778,1940.222471611915,19529.220465002883,0.78,0.76,6453331.466655201
9601.765488915495,1965.75171465943,19786.183892173885,0.78,0.77,6538243.722795401
9726.46374201827,1991.2809577068344,20043.147319345113,0.78,0.78,6623155.978935601
9851.161995121161,2016.8102007543466,20300.11074651612,0.78,0.79,6708068.235075802
9975.860248223937,2042.3394438018618,20557.074173687233,0.78,0.8,6792980.491216001
10100.558501326712,2067.8686868494874,20814.037600858348,0.78,0.81,6877892.7473562015
10225.256754429429,2093.397929897119,21071.001028029466,0.78,0.8200000000000001,6962805.003496401
10349.955007532262,2118.9271729445204,21327.96445520058,0.78,0.8300000000000001,7047717.259636601
10474.653260635154,2144.456415992146,21584.927882371692,0.78,0.8400000000000001,7132629.515776802
10599.35151373787,2169.9856590395502,21841.891309542585,0.78,0.8500000000000001,7217541.771917001
10724.049766840704,2195.514902086949,22098.85473671393,0.78,0.86,7302454.028057201
10848.748019943596,2221.044145134578,22355.818163884822,0.78,0.87,7387366.284197401
10973.446273046255,2246.573388182206,22612.781591055933,0.78,0.88,7472278.540337601
11098.14452614903,2272.1026312297213,22869.745018227048,0.78,0.89,7557190.796477801
11222.842779251921,2297.6318742772364,23126.70844539817,0.78,0.9,7642103.052618002
6206.4648663987755,1270.6380891286915,12789.54951656005,0.79,0.5,4226241.517805001
6330.594163726841,1296.0508509112233,13045.340506891216,0.79,0.51,4310766.3481611
6454.723461054789,1321.4636126937578,13301.131497222505,0.79,0.52,4395291.178517201
6578.85275838268,1346.8763744762985,13556.922487553677,0.79,0.53,4479816.008873301
6702.982055710629,1372.2891362590601,13812.713477884963,0.79,0.54,4564340.839229401
6827.111353038636,1397.7018980414782,14068.504468216139,0.79,0.55,4648865.669585501
6951.2406503666425,1423.114659824013,14324.295458547305,0.79,0.56,4733390.499941601
7075.369947694533,1448.5274216065504,14580.086448878474,0.79,0.5700000000000001,4817915.330297701
7199.49924502254,1473.9401833890822,14835.877439209766,0.79,0.58,4902440.160653801
7323.628542350489,1499.3529451716197,15091.668429540932,0.79,0.59,4986964.9910099
7447.757839678496,1524.7657069541574,15347.459419872102,0.79,0.6,5071489.821366001
7571.887137006561,1550.1784687368056,15603.25041020339,0.79,0.61,5156014.651722101
7696.0164343345095,1575.5912305193372,15859.04140053456,0.79,0.62,5240539.482078201
7820.145731662633,1601.003992301872,16114.832390865842,0.79,0.63,5325064.312434301
7944.275028990407,1626.4167540846365,16370.623381197018,0.79,0.64,5409589.142790401
8068.404326318356,1651.829515867174,16626.414371528186,0.79,0.65,5494113.973146501
8192.533623646363,1677.2422776495923,16882.20536185925,0.79,0.66,5578638.803502602
8316.66292097437,1702.655039432357,17137.996352190417,0.79,0.67,5663163.633858701
8440.792218302377,1728.0678012148915,17393.787342521813,0.79,0.6799999999999999,5747688.464214801
8564.921515630325,1753.4805629974232,17649.578332852878,0.79,0.69,5832213.2945709005
8689.050812958332,1778.8933247800715,17905.369323184274,0.79,0.7,5916738.124927001
8813.180110286223,1804.3060865626119,18161.160313515327,0.79,0.71,6001262.955283101
8937.30940761423,1829.7188483451466,18416.9513038465,0.79,0.72,6085787.785639201
9061.438704942295,1855.131610127684,18672.742294177675,0.79,0.73,6170312.615995301
9185.568002270244,1880.5443719103293,18928.53328450884,0.79,0.74,6254837.4463514015
9309.69729959825,1905.957133692864,19184.324274840128,0.79,0.75,6339362.276707501
9433.8265969262,1931.3698954753986,19440.115265171527,0.79,0.76,6423887.107063601
9557.95589425409,1956.7826572580498,19695.90625550259,0.79,0.77,6508411.937419701
9682.085191582039,1982.1954190405845,19951.69724583376,0.79,0.78,6592936.767775801
9806.214488910045,2007.608180823119,20207.48823616493,0.79,0.79,6677461.598131902
9930.343786238052,2033.0209426056567,20463.279226496215,0.79,0.8,6761986.428488001
10054.473083565943,2058.433704388302,20719.070216827273,0.79,0.81,6846511.258844102
10178.60238089395,2083.8464661708367,20974.861207158556,0.79,0.8200000000000001,6931036.089200201
10302.731678221957,2109.259227953377,21230.652197489842,0.79,0.8300000000000001,7015560.919556302
10426.86097555008,2134.6719897361386,21486.44318782102,0.79,0.8400000000000001,7100085.749912402
10550.99027287797,2160.084751518557,21742.234178152186,0.79,0.8500000000000001,7184610.580268502
10675.11957020592,2185.4975133010917,21998.025168483473,0.79,0.86,7269135.410624601
10799.248867533926,2210.910275083629,22253.816158814647,0.79,0.87,7353660.2409807015
10923.378164861875,2236.323036866385,22509.607149145813,0.79,0.88,7438185.071336801
11047.507462189824,2261.7357986489255,22765.398139476987,0.79,0.89,7522709.901692902
11171.63675951783,2287.1485604313493,23021.189129808266,0.79,0.9,7607234.732049001
6178.0170776575105,1264.814025880961,12730.927674565775,0.8,0.5,4206870.2286
6301.577419210633,1290.1103063985154,12985.546228056886,0.8,0.51,4291007.633172
6425.13776076393,1315.4065869161832,13240.16478154823,0.8,0.52,4375145.037744001
6548.698102317052,1340.7028674337403,13494.783335039683,0.8,0.53,4459282.442316
6672.258443870291,1365.999147951411,13749.401888531022,0.8,0.54,4543419.846888
6795.818785423413,1391.2954284690788,14004.020442022365,0.8,0.55,4627557.251460001
6919.379126976593,1416.5917089868628,14258.638995513704,0.8,0.56,4711694.656032001
7042.9394685296575,1441.8879895044172,14513.257549004818,0.8,0.5700000000000001,4795832.060604
7166.4998100827215,1467.184270022088,14767.876102496386,0.8,0.58,4879969.465175999
7290.06015163596,1492.4805505395257,15022.494655987613,0.8,0.59,4964106.869748
7413.620493189199,1517.776831057083,15277.113209478724,0.8,0.6,5048244.27432
7537.180834742263,1543.0731115747535,15531.731762970063,0.8,0.61,5132381.678892
7660.741176295385,1568.3693920924213,15786.350316461409,0.8,0.62,5216519.083464
7784.301517848566,1593.6656726099784,16040.96886995286,0.8,0.63,5300656.488036
7907.861859401746,1618.9619531277597,16295.587423443974,0.8,0.64,5384793.892608
8031.422200954927,1644.2582336454304,16550.205976935544,0.8,0.65,5468931.297180001
8154.982542508049,1669.5545141628684,16804.824530426657,0.8,0.66,5553068.7017520005
8278.542884061171,1694.8507946804255,17059.44308391811,0.8,0.67,5637206.106324
8402.103225614352,1720.147075198099,17314.061637409446,0.8,0.6799999999999999,5721343.510895999
8525.663567167532,1745.4433557157697,17568.68019090079,0.8,0.69,5805480.915468
8649.223908720596,1770.739636233324,17823.29874439213,0.8,0.7,5889618.32004
8772.784250273718,1796.0359167509946,18077.91729788324,0.8,0.71,5973755.7246119995
8896.344591827015,1821.3321972687788,18332.535851374698,0.8,0.72,6057893.129184
9019.904933380138,1846.6284777863332,18587.15440486581,0.8,0.73,6142030.533756
9143.46527493326,1871.9247583038846,18841.772958357153,0.8,0.74,6226167.938328
9267.025616486382,1897.2210388214417,19096.39151184849,0.8,0.75,6310305.3429000005
9390.585958039504,1922.5173193391124,19351.010065339833,0.8,0.76,6394442.747472
9514.146299592685,1947.8135998566665,19605.628618831284,0.8,0.77,6478580.152044
9637.706641145865,1973.1098803743373,19860.247172322404,0.8,0.78,6562717.556616
9761.266982698988,1998.4061608918914,20114.86572581397,0.8,0.79,6646854.961188001
9884.827324252168,2023.7024414095592,20369.48427930508,0.8,0.8,6730992.36576
10008.387665805349,2048.998721927227,20624.102832796423,0.8,0.81,6815129.770332
10131.94800735853,2074.295002444784,20878.721386287874,0.8,0.8200000000000001,6899267.174904001
10255.508348911593,2099.591282962455,21133.339939779216,0.8,0.8300000000000001,6983404.579476001
10379.068690464774,2124.8875634800092,21387.95849327056,0.8,0.8400000000000001,7067541.984048001
10502.629032017896,2150.18384399768,21642.57704676167,0.8,0.8500000000000001,7151679.388620001
10626.189373571076,2175.4801245153476,21897.19560025301,0.8,0.86,7235816.793192
10749.749715124315,2200.7764050329047,22151.814153744235,0.8,0.87,7319954.197764
10873.310056677437,2226.0726855505695,22406.43270723558,0.8,0.88,7404091.602336
10996.87039823056,2251.368966068354,22661.05126072692,0.8,0.89,7488229.006908
11120.430739783682,2276.6652465857974,22915.66981421826,0.8,0.9,7572366.41148
6149.56928891642,1258.9899626332335,12672.305832571163,0.81,0.5,4187498.939395
6272.560674694716,1284.169761885921,12925.751949222671,0.81,0.51,4271248.9181829
6395.55206047307,1309.3495611387248,13179.198065874181,0.81,0.52,4354998.8969708
6518.543446251366,1334.5293603914122,13432.64418252558,0.81,0.53,4438748.8757587
6641.53483202972,1359.7091596439889,13686.090299176974,0.81,0.54,4522498.854546601
6764.526217808132,1384.8889588966792,13939.536415828485,0.81,0.55,4606248.833334501
6887.517603586486,1410.0687581493696,14192.98253247988,0.81,0.56,4689998.812122401
7010.508989364724,1435.2485574021732,14446.428649131161,0.81,0.5700000000000001,4773748.790910301
7133.500375143078,1460.4283566546367,14699.874765782668,0.81,0.58,4857498.7696982
7256.4917609213735,1485.6081559072134,14953.320882434298,0.81,0.59,4941248.7484861
7379.4831466997275,1510.7879551601307,15206.766999085465,0.81,0.6,5024998.727274
7502.4745324780815,1535.9677544127073,15460.213115736859,0.81,0.61,5108748.706061901
7625.465918256319,1561.1475536653918,15713.659232388369,0.81,0.62,5192498.684849801
7748.45730403479,1586.3273529179687,15967.10534903999,0.81,0.63,5276248.6636377005
7871.448689813085,1611.5071521707696,16220.551465691162,0.81,0.64,5359998.6424256
7994.440075591381,1636.6869514233492,16473.997582342672,0.81,0.65,5443748.6212135
8117.431461369735,1661.8667506760366,16727.443698994066,0.81,0.66,5527498.6000014
8240.422847148031,1687.0465499286163,16980.889815645463,0.81,0.67,5611248.5787893
8363.414232926269,1712.2263491815277,17234.335932296857,0.81,0.6799999999999999,5694998.5575772
8486.405618704739,1737.4061484341103,17487.782048948477,0.81,0.69,5778748.5363651
8609.397004482977,1762.5859476865678,17741.22816559977,0.81,0.7,5862498.515153
8732.38839026133,1787.7657469393773,17994.674282251162,0.81,0.71,5946248.4939409
8855.379776039685,1812.9455461920618,18248.120398902556,0.81,0.72,6029998.4727288
8978.371161817922,1838.1253454447492,18501.56651555418,0.81,0.73,6113748.4515167
9101.362547596276,1863.305144697326,18755.012632205573,0.81,0.74,6197498.4303046
9224.353933374747,1888.4849439500163,19008.458748856854,0.81,0.75,6281248.409092501
9347.345319152926,1913.6647432028171,19261.90486550848,0.81,0.76,6364998.387880401
9470.336704931397,1938.8445424552806,19515.350982159875,0.81,0.77,6448748.366668301
9593.328090709634,1964.0243417080842,19768.797098811272,0.81,0.78,6532498.345456201
9716.319476487988,1989.2041409607746,20022.243215462782,0.81,0.79,6616248.324244101
9839.310862266342,2014.383940213465,20275.689332114176,0.81,0.8,6699998.303032001
9962.302248044638,2039.5637394660416,20529.135448765577,0.81,0.81,6783748.2818199005
10085.293633822934,2064.743538718732,20782.581565416975,0.81,0.8200000000000001,6867498.2606078
10208.285019601346,2089.9233379713087,21036.02768206837,0.81,0.8300000000000001,6951248.239395701
10331.276405379642,2115.103137224226,21289.473798719762,0.81,0.8400000000000001,7034998.218183601
10454.267791157938,2140.2829364766835,21542.919915371273,0.81,0.8500000000000001,7118748.196971501
10577.259176936292,2165.462735729487,21796.36603202267,0.81,0.86,7202498.1757594
10700.250562714587,2190.6425349819506,22049.81214867418,0.81,0.87,7286248.1545473
10823.241948493,2215.822334234754,22303.25826532546,0.81,0.88,7369998.1333352
10946.233334271237,2241.0021334874446,22556.704381976968,0.81,0.89,7453748.1121231
11069.224720049591,2266.1819327400212,22810.150498628365,0.81,0.9,7537498.090911001
6121.121500175155,1253.1658993857272,12613.683990577003,0.8200000000000001,0.5,4168127.6501900004
6243.543930178857,1278.2292173734402,12865.957670388341,0.8200000000000001,0.51,4251490.2031938005
6365.9663601822685,1303.2925353610365,13118.23135020002,0.8200000000000001,0.52,4334852.756197601
6488.388790185854,1328.35585334886,13370.50503001158,0.8200000000000001,0.53,4418215.309201401
6610.811220189382,1353.419171336567,13622.77870982315,0.8200000000000001,0.54,4501577.862205201
6733.233650192793,1378.4824893243933,13875.052389634604,0.8200000000000001,0.55,4584940.415209001
6855.6560801963205,1403.5458073119926,14127.32606944617,0.8200000000000001,0.56,4668302.968212801
6978.0785101996735,1428.609125299816,14379.599749257619,0.8200000000000001,0.5700000000000001,4751665.521216601
7100.500940203317,1453.6724432874123,14631.873429069186,0.8200000000000001,0.58,4835028.0742204
7222.923370206787,1478.7357612752328,14884.14710888075,0.8200000000000001,0.59,4918390.6272242
7345.345800210256,1503.7990792629428,15136.420788692196,0.8200000000000001,0.6,5001753.1802280005
7467.7682302137255,1528.862397250766,15388.694468503762,0.8200000000000001,0.61,5085115.733231801
7590.190660217253,1553.9257152383655,15640.968148315333,0.8200000000000001,0.62,5168478.286235601
7712.613090220839,1578.9890332260695,15893.241828126893,0.8200000000000001,0.63,5251840.839239401
7835.035520224308,1604.0523512137822,16145.515507938346,0.8200000000000001,0.64,5335203.392243201
7957.457950227836,1629.1156692014922,16397.78918774991,0.8200000000000001,0.65,5418565.945247001
8079.880380231305,1654.1789871893184,16650.062867561475,0.8200000000000001,0.66,5501928.498250801
8202.302810234833,1679.2423051769176,16902.33654737304,0.8200000000000001,0.67,5585291.051254601
8324.725240238418,1704.3056231646217,17154.610227184494,0.8200000000000001,0.6799999999999999,5668653.6042584
8447.147670242004,1729.368941152448,17406.88390699606,0.8200000000000001,0.69,5752016.1572622005
8569.570100245299,1754.4322591400444,17659.157586807738,0.8200000000000001,0.7,5835378.710266001
8691.992530248826,1779.4955771277544,17911.431266619304,0.8200000000000001,0.71,5918741.263269801
8814.414960252296,1804.5588951155778,18163.70494643064,0.8200000000000001,0.72,6002103.816273601
8936.837390255881,1829.6222131031714,18415.97862624232,0.8200000000000001,0.73,6085466.369277401
9059.259820259525,1854.6855310910005,18668.25230605365,0.8200000000000001,0.74,6168828.922281201
9181.68225026282,1879.7488490785968,18920.525985865337,0.8200000000000001,0.75,6252191.475285001
9304.104680266406,1904.8121670663068,19172.7996656769,0.8200000000000001,0.76,6335554.0282888
9426.527110269817,1929.8754850541272,19425.073345488465,0.8200000000000001,0.77,6418916.5812926
9548.949540273286,1954.9388030417235,19677.347025299914,0.8200000000000001,0.78,6502279.1342964005
9671.371970276989,1980.0021210294335,19929.620705111596,0.8200000000000001,0.79,6585641.687300201
9793.7944002804,2005.06543901726,20181.894384923045,0.8200000000000001,0.8,6669004.240304001
9916.216830283927,2030.1287570048562,20434.16806473461,0.8200000000000001,0.81,6752366.793307801
10038.639260287397,2055.1920749926767,20686.44174454606,0.8200000000000001,0.8200000000000001,6835729.346311601
10161.061690290924,2080.255392980273,20938.715424357626,0.8200000000000001,0.8300000000000001,6919091.899315401
10283.484120294568,2105.318710967983,21190.98910416919,0.8200000000000001,0.8400000000000001,7002454.452319201
10405.906550297863,2130.382028955812,21443.262783980757,0.8200000000000001,0.8500000000000001,7085817.005323001
10528.328980301449,2155.4453469434056,21695.53646379221,0.8200000000000001,0.86,7169179.5583268
10650.751410304976,2180.5086649311156,21947.810143604005,0.8200000000000001,0.87,7252542.1113306
10773.173840308446,2205.571982918939,22200.083823415454,0.8200000000000001,0.88,7335904.664334401
10895.596270311973,2230.635300906535,22452.35750322702,0.8200000000000001,0.89,7419267.217338201
11018.0187003155,2255.698618894359,22704.631183038357,0.8200000000000001,0.9,7502629.770342001
6092.673711434123,1247.3418361381134,12555.062148582505,0.8300000000000001,0.5,4148756.360985
6214.527185662824,1272.2886728608457,12806.163391554124,0.8300000000000001,0.51,4231731.4882047
6336.380659891467,1297.2355095835753,13057.264634525744,0.8300000000000001,0.52,4314706.6154244
6458.23413412011,1322.1823463063076,13308.365877497477,0.8300000000000001,0.53,4397681.7426441
6580.087608348753,1347.1291830292641,13559.467120469099,0.8300000000000001,0.54,4480656.869863801
6701.941082577454,1372.0760197518773,13810.568363440718,0.8300000000000001,0.55,4563631.997083501
6823.794556806213,1397.0228564747233,14061.669606412339,0.8300000000000001,0.56,4646607.1243032
6945.648031034856,1421.9696931974586,14312.770849384186,0.8300000000000001,0.5700000000000001,4729582.251522901
7067.501505263557,1446.9165299201852,14563.872092355805,0.8300000000000001,0.58,4812557.3787426
7189.354979492142,1471.863366643028,14814.973335327199,0.8300000000000001,0.59,4895532.5059623
7311.208453720843,1496.8102033657606,15066.074578299049,0.8300000000000001,0.6,4978507.633182
7433.0619279496605,1521.7570400884872,15317.17582127067,0.8300000000000001,0.61,5061482.7604017
7554.91540217842,1546.7038768112225,15568.27706424229,0.8300000000000001,0.62,5144457.8876214
7676.768876406888,1571.6507135339518,15819.378307213916,0.8300000000000001,0.63,5227433.0148411
7798.622350635589,1596.5975502569056,16070.479550185644,0.8300000000000001,0.64,5310408.1420608
7920.47582486429,1621.5443869794137,16321.580793157269,0.8300000000000001,0.65,5393383.269280501
8042.329299092991,1646.4912237023675,16572.68203612889,0.8300000000000001,0.66,5476358.3965002
8164.182773321751,1671.4380604250998,16823.78327910051,0.8300000000000001,0.67,5559333.5237199
8286.036247550393,1696.3848971478294,17074.884522072356,0.8300000000000001,0.6799999999999999,5642308.6509396
8407.889721778978,1721.3317338705588,17325.985765043748,0.8300000000000001,0.69,5725283.7781593
8529.74319600768,1746.2785705932913,17577.08700801537,0.8300000000000001,0.7,5808258.905379
8651.596670236439,1771.225407316137,17828.188250987216,0.8300000000000001,0.71,5891234.0325987
8773.450144465198,1796.1722440389772,18079.289493958833,0.8300000000000001,0.72,5974209.1598184
8895.303618693782,1821.119080761596,18330.390736930454,0.8300000000000001,0.73,6057184.2870381
9017.157092922484,1846.065917484439,18581.491979902075,0.8300000000000001,0.74,6140159.4142578
9139.010567151185,1871.0127542070582,18832.59322287381,0.8300000000000001,0.75,6223134.5414775
9260.86404137977,1895.9595909300147,19083.69446584543,0.8300000000000001,0.76,6306109.668697201
9382.717515608529,1920.906427652747,19334.795708817055,0.8300000000000001,0.77,6389084.7959169
9504.57098983723,1945.8532643754736,19585.896951788676,0.8300000000000001,0.78,6472059.9231366
9626.424464065814,1970.8001010982089,19836.99819476052,0.8300000000000001,0.79,6555035.050356301
9748.277938294632,1995.7469378211654,20088.099437732144,0.8300000000000001,0.8,6638010.177576001
9870.131412523158,2020.6937745436649,20339.200680703536,0.8300000000000001,0.81,6720985.304795701
9991.98488675186,2045.6406112666243,20590.301923675386,0.8300000000000001,0.8200000000000001,6803960.4320154
10113.83836098056,2070.5874479892464,20841.403166647004,0.8300000000000001,0.8300000000000001,6886935.559235101
10235.691835209262,2095.5342847120864,21092.504409618625,0.8300000000000001,0.8400000000000001,6969910.686454801
10357.545309438021,2120.4811214347023,21343.605652590246,0.8300000000000001,0.8500000000000001,7052885.813674501
10479.398783666606,2145.4279581575483,21594.70689556198,0.8300000000000001,0.86,7135860.9408942005
10601.252257895248,2170.3747948803884,21845.8081385336,0.8300000000000001,0.87,7218836.0681139
10723.105732124008,2195.3216316031235,22096.909381505222,0.8300000000000001,0.88,7301811.1953336
10844.959206352709,2220.268468325853,22348.010624476843,0.8300000000000001,0.89,7384786.3225533
10966.81268058141,2245.215305048693,22599.111867448577,0.8300000000000001,0.9,7467761.449773001
6064.225922692858,1241.5177728904994,12496.44030658823,0.84,0.5,4129385.0717800003
6185.510441146675,1266.3481283482515,12746.369112719796,0.84,0.51,4211972.7732156
6306.794959600607,1291.178483806114,12996.297918851697,0.84,0.52,4294560.474651201
6428.079478054424,1316.0088392639766,13246.22672498337,0.84,0.53,4377148.1760868
6549.363996508298,1340.8391947218452,13496.15553111516,0.84,0.54,4459735.877522401
6670.648514962115,1365.6695501794777,13746.084337246837,0.84,0.55,4542323.578958001
6791.933033416048,1390.4999056373433,13996.01314337863,0.84,0.56,4624911.2803936
6913.217551870039,1415.330261095209,14245.941949510303,0.84,0.5700000000000001,4707498.981829201
7034.502070323797,1440.1606165529608,14495.870755642096,0.84,0.58,4790086.6832648
7155.786588777613,1464.9909720108205,14745.79956177388,0.84,0.59,4872674.3847004
7277.071107231488,1489.8213274686889,14995.728367905673,0.84,0.6,4955262.086136
7398.355625685363,1514.6516829263246,15245.657174037577,0.84,0.61,5037849.787571601
7519.640144139295,1539.48203838419,15495.585980169366,0.84,0.62,5120437.4890072
7640.924662593054,1564.312393841945,15745.51478630104,0.84,0.63,5203025.1904428005
7762.209181046928,1589.1427492999183,15995.443592432828,0.84,0.64,5285612.891878401
7883.493699500745,1613.9731047577836,16245.372398564507,0.84,0.65,5368200.593314
8004.778217954619,1638.8034602154223,16495.3012046963,0.84,0.66,5450788.294749601
8126.062736408436,1663.6338156732877,16745.230010827974,0.84,0.67,5533375.996185201
8247.34725486231,1688.4641711312638,16995.15881695976,0.84,0.6799999999999999,5615963.6976208
8368.631773316185,1713.2945265889023,17245.087623091666,0.84,0.69,5698551.3990564
8489.916291770118,1738.124882046765,17495.016429223226,0.84,0.7,5781139.100492001
8611.200810223934,1762.9552375045141,17744.945235355135,0.84,0.71,5863726.8019276
8732.485328677867,1787.785592962266,17994.87404148669,0.84,0.72,5946314.5033632
8853.769847131683,1812.6159484201316,18244.802847618597,0.84,0.73,6028902.2047988
8975.054365585558,1837.4463038779973,18494.731653750383,0.84,0.74,6111489.9062344
9096.338884039491,1862.2766593358626,18744.660459882176,0.84,0.75,6194077.607670001
9217.62340249325,1887.1070147937223,18994.589266013856,0.84,0.76,6276665.3091056
9338.907920947124,1911.9373702513637,19244.518072145638,0.84,0.77,6359253.010541201
9460.192439400998,1936.7677257092294,19494.446878277544,0.84,0.78,6441840.711976801
9581.476957854873,1961.5980811669756,19744.375684409333,0.84,0.79,6524428.4134124005
9702.76147630869,1986.4284366248469,19994.30449054101,0.84,0.8,6607016.114848001
9824.045994762506,2011.2587920827066,20244.2332966728,0.84,0.81,6689603.816283601
9945.33051321638,2036.089147540345,20494.162102804476,0.84,0.8200000000000001,6772191.517719201
10066.615031670255,2060.9195029982106,20744.090908936265,0.84,0.8300000000000001,6854779.219154801
10187.89955012413,2085.749858456073,20994.019715068054,0.84,0.8400000000000001,6937366.920590402
10309.184068577946,2110.580213913936,21243.94852119996,0.84,0.8500000000000001,7019954.622026001
10430.46858703182,2135.4105693718043,21493.877327331524,0.84,0.86,7102542.323461601
10551.753105485695,2160.240924829437,21743.80613346343,0.84,0.87,7185130.024897201
10673.037623939512,2185.071280287302,21993.73493959499,0.84,0.88,7267717.7263328
10794.322142393445,2209.901635745168,22243.663745726888,0.84,0.89,7350305.427768401
10915.60666084732,2234.7319912029197,22493.59255185856,0.84,0.9,7432893.129204
6035.778133951768,1235.693709642993,12437.818464593729,0.85,0.5,4110013.7825750005
6156.493696630758,1260.4075838357705,12686.57483388558,0.85,0.51,4192214.0582265006
6277.209259309806,1285.1214580286498,12935.331203177422,0.85,0.52,4274414.333878
6397.924821988912,1309.8353322214273,13184.087572469494,0.85,0.53,4356614.609529501
6518.640384667902,1334.5492064144203,13432.84394176111,0.85,0.54,4438814.885181
6639.35594734695,1359.2630806071918,13681.600311052956,0.85,0.55,4521015.160832501
6760.07151002594,1383.9769548000797,13930.35668034503,0.85,0.56,4603215.436484001
6880.787072705047,1408.6908289928515,14179.113049636873,0.85,0.5700000000000001,4685415.712135501
7001.502635384037,1433.4047031858502,14427.86941892872,0.85,0.58,4767615.987787
7122.218198063027,1458.1185773786217,14676.625788220565,0.85,0.59,4849816.2634385
7242.933760742075,1482.832451571504,14925.382157512408,0.85,0.6,4932016.53909
7363.649323421239,1507.5463257642784,15174.138526804256,0.85,0.61,5014216.814741501
7484.364886100229,1532.2601999571607,15422.894896096099,0.85,0.62,5096417.090393
7605.080448779161,1556.9740741499322,15671.651265387947,0.85,0.63,5178617.366044501
7725.796011458209,1581.687948342931,15920.407634680016,0.85,0.64,5260817.6416960005
7846.511574137257,1606.4018225358132,16169.164003971859,0.85,0.65,5343017.917347501
7967.227136816306,1631.1156967285876,16417.920373263707,0.85,0.66,5425218.192999001
8087.9426994952955,1655.8295709213564,16666.67674255555,0.85,0.67,5507418.468650501
8208.658262174344,1680.5434451143578,16915.433111847397,0.85,0.6799999999999999,5589618.744302
8329.37382485345,1705.25731930724,17164.18948113924,0.85,0.69,5671819.0199535005
8450.08938753244,1729.9711935000116,17412.945850431082,0.85,0.7,5754019.295605
8570.804950211488,1754.6850676927834,17661.702219723047,0.85,0.71,5836219.571256501
8691.520512890478,1779.398941885782,17910.458589015005,0.85,0.72,5918419.846908
8812.236075569468,1804.112816078667,18159.214958306737,0.85,0.73,6000620.122559501
8932.951638248574,1828.8266902714417,18407.971327598578,0.85,0.74,6082820.3982110005
9053.66720092768,1853.5405644642074,18656.72769689054,0.85,0.75,6165020.673862501
9174.382763606613,1878.254438657212,18905.484066182387,0.85,0.76,6247220.949514001
9295.098326285719,1902.9683128500913,19154.24043547423,0.85,0.77,6329421.225165501
9415.813888964825,1927.6821870428657,19402.996804766302,0.85,0.78,6411621.500817001
9536.529451643815,1952.3960612356373,19651.75317405815,0.85,0.79,6493821.776468501
9657.245014322689,1977.109935428639,19900.50954334988,0.85,0.8,6576022.052120001
9777.960577001853,2001.8238096215211,20149.265912641837,0.85,0.81,6658222.327771502
9898.676139680843,2026.537683814514,20398.022281933685,0.85,0.8200000000000001,6740422.603423001
10019.39170235995,2051.2515580072914,20646.77865122553,0.85,0.8300000000000001,6822622.879074502
10140.107265038998,2075.96543220006,20895.535020517487,0.85,0.8400000000000001,6904823.154726001
10260.822827717988,2100.679306392948,21144.29138980933,0.85,0.8500000000000001,6987023.430377502
10381.538390396978,2125.393180585717,21393.047759101177,0.85,0.86,7069223.706029001
10502.253953076026,2150.1070547787153,21641.804128393025,0.85,0.87,7151423.981680501
10622.969515755132,2174.820928971487,21890.56049768487,0.85,0.88,7233624.257332001
10743.685078434064,2199.534803164372,22139.316866976824,0.85,0.89,7315824.532983501
10864.40064111317,2224.248677357371,22388.07323626867,0.85,0.9,7398024.808635001
6007.330345210503,1229.8696463952656,12379.196622599231,0.86,0.5,4090642.4933700003
6127.476952114783,1254.4670393231704,12626.780555051131,0.86,0.51,4172455.3432374005
6247.623559018946,1279.0644322511944,12874.364487503379,0.86,0.52,4254268.193104801
6367.770165923343,1303.6618251790962,13121.948419955273,0.86,0.53,4336081.042972201
6487.916772827448,1328.2592181068876,13369.532352407288,0.86,0.54,4417893.8928396
6608.06337973167,1352.8566110347895,13617.116284859185,0.86,0.55,4499706.742707001
6728.209986635891,1377.4540039627,13864.700217311203,0.86,0.56,4581519.592574401
6848.356593540055,1402.051396890491,14112.284149763102,0.86,0.5700000000000001,4663332.442441801
6968.503200444276,1426.64878981862,14359.868082215231,0.86,0.58,4745145.2923092
7088.649807348498,1451.246182746417,14607.45201466713,0.86,0.59,4826958.1421766
7208.79641425272,1475.8435756743188,14855.035947119148,0.86,0.6,4908770.992044
7328.9430211569415,1500.44096860234,15102.619879571048,0.86,0.61,4990583.841911401
7449.089628061163,1525.0383615302446,15350.20381202329,0.86,0.62,5072396.6917788
7569.236234965327,1549.6357544579225,15597.787744474961,0.86,0.63,5154209.5416462
7689.382841869548,1574.2331473859435,15845.371676927201,0.86,0.64,5236022.3915136
7809.529448773828,1598.8305403138454,16092.955609379103,0.86,0.65,5317835.241381001
7929.676055677875,1623.4279332416424,16340.539541831004,0.86,0.66,5399648.0912484005
8049.8226625822135,1648.0253261697742,16588.123474283017,0.86,0.67,5481460.9411158
8169.969269486435,1672.6227190975626,16835.707406735033,0.86,0.6799999999999999,5563273.7909832
8290.115876390599,1697.2201120255806,17083.291339186933,0.86,0.69,5645086.6408506
8410.26248329482,1721.8175049534884,17330.875271639063,0.86,0.7,5726899.490718
8530.409090199042,1746.414897881166,17578.45920409085,0.86,0.71,5808712.3405854
8650.555697103264,1771.0122908091814,17826.043136542976,0.86,0.72,5890525.1904528
8770.702304007486,1795.6096837370862,18073.62706899499,0.86,0.73,5972338.0403202
8890.848910911707,1820.2070766649967,18321.21100144689,0.86,0.74,6054150.890187601
9010.995517815812,1844.804469593012,18568.794933898902,0.86,0.75,6135963.740055
9131.142124720092,1869.4018625209196,18816.37886635103,0.86,0.76,6217776.5899224
9251.288731624198,1893.999255448714,19063.96279880293,0.86,0.77,6299589.439789801
9371.435338528536,1918.5966483767293,19311.546731254948,0.86,0.78,6381402.289657201
9491.5819454327,1943.1940413046368,19559.13066370685,0.86,0.79,6463215.1395246005
9611.72855233698,1967.7914342323115,19806.71459615886,0.86,0.8,6545027.989392001
9731.875159241084,1992.3888271604492,20054.29852861099,0.86,0.81,6626840.839259401
9852.021766145364,2016.9862200882376,20301.88246106289,0.86,0.8200000000000001,6708653.689126801
9972.16837304947,2041.5836130161422,20549.4663935149,0.86,0.8300000000000001,6790466.538994201
10092.314979953808,2066.1810059441664,20797.050325966913,0.86,0.8400000000000001,6872279.388861601
10212.461586857971,2090.778398872068,21044.634258418817,0.86,0.8500000000000001,6954092.238729001
10332.608193762135,2115.375791799859,21292.218190870717,0.86,0.86,7035905.088596401
10452.754800666473,2139.973184727988,21539.802123322734,0.86,0.87,7117717.938463801
10572.901407570636,2164.5705776556715,21787.386055774634,0.86,0.88,7199530.7883312
10693.048014474858,2189.16797058346,22034.969988226763,0.86,0.89,7281343.6381986
10813.19462137908,2213.7653635115917,22282.55392067878,0.86,0.9,7363156.488066001
5978.8825564694125,1224.0455831476547,12320.57478060473,0.87,0.5,4071271.2041650005
6098.46020759875,1248.526494810576,12566.986276216916,0.87,0.51,4152696.6282483004
6218.037858728145,1273.0074064735034,12813.397771828984,0.87,0.52,4234122.0523316
6337.61550985754,1297.4883181365412,13059.809267441171,0.87,0.53,4315547.4764149
6457.1931609869935,1321.969229799352,13306.220763053348,0.87,0.54,4396972.900498201
6576.7708121163305,1346.4501414625092,13552.632258665419,0.87,0.55,4478398.324581501
6696.3484632456675,1370.9310531252065,13799.04375427749,0.87,0.56,4559823.748664801
6815.926114375179,1395.4119647882474,14045.455249889561,0.87,0.5700000000000001,4641249.172748101
6935.503765504516,1419.8928764511686,14291.866745501633,0.87,0.58,4722674.5968314
7055.081416633911,1444.3737881142094,14538.278241113698,0.87,0.59,4804100.0209147
7174.6590677632485,1468.8546997771366,14784.689736725884,0.87,0.6,4885525.444998001
7294.236718892644,1493.335611440058,15031.101232337947,0.87,0.61,4966950.869081301
7413.814370022155,1517.8165231031019,15277.512727950021,0.87,0.62,5048376.293164601
7533.392021151434,1542.297434766029,15523.924223562091,0.87,0.63,5129801.717247901
7652.969672280771,1566.7783464289562,15770.335719174163,0.87,0.64,5211227.1413312005
7772.547323410283,1591.2592580919911,16016.747214786454,0.87,0.65,5292652.5654145
7892.12497453962,1615.7401697549155,16263.158710398411,0.87,0.66,5374077.989497801
8011.702625669015,1640.2210814177292,16509.570206010485,0.87,0.67,5455503.413581101
8131.28027679841,1664.7019930808835,16755.981701622666,0.87,0.6799999999999999,5536928.8376644
8250.857927927747,1689.1829047436972,17002.393197234625,0.87,0.69,5618354.2617477
8370.435579057259,1713.6638164066217,17248.804692846916,0.87,0.7,5699779.685831
8490.013230186538,1738.144728069776,17495.21618845899,0.87,0.71,5781205.1099143
8609.590881315817,1762.6256397326972,17741.62768407106,0.87,0.72,5862630.533997601
8729.168532445387,1787.1065513956246,17988.039179683128,0.87,0.73,5944055.958080901
8848.746183574782,1811.5874630586652,18234.450675295197,0.87,0.74,6025481.382164201
8968.323834703944,1836.0683747215896,18480.86217090738,0.87,0.75,6106906.806247501
9087.901485833514,1860.549286384517,18727.273666519446,0.87,0.76,6188332.230330801
9207.47913696291,1885.0301980475576,18973.68516213152,0.87,0.77,6269757.654414101
9327.056788092246,1909.511109710482,19220.09665774359,0.87,0.78,6351183.0784974005
9446.634439221642,1933.99202137352,19466.50815335566,0.87,0.79,6432608.502580701
9566.212090351037,1958.4729330362172,19712.91964896796,0.87,0.8,6514033.926664001
9685.789741480432,1982.9538446992608,19959.331144579908,0.87,0.81,6595459.350747301
9805.367392609885,2007.4347563621852,20205.742640192097,0.87,0.8200000000000001,6676884.774830601
9924.945043739164,2031.915668025223,20452.154135804165,0.87,0.8300000000000001,6758310.198913901
10044.52269486856,2056.3965796881503,20698.56563141612,0.87,0.8400000000000001,6839735.622997201
10164.100345998013,2080.8774913510774,20944.977127028415,0.87,0.8500000000000001,6921161.047080502
10283.677997127408,2105.3584030141124,21191.38862264026,0.87,0.86,7002586.471163801
10403.255648256687,2129.8393146770395,21437.80011825256,0.87,0.87,7084011.895247101
10522.83329938614,2154.32022633997,21684.211613864627,0.87,0.88,7165437.319330401
10642.410950515652,2178.801138003005,21930.623109476703,0.87,0.89,7246862.743413701
10761.98860164493,2203.282049665932,22177.03460508888,0.87,0.9,7328288.167497001
5950.434767728264,1218.2215199001485,12261.952938610464,0.88,0.5,4051899.91496
6069.443463082716,1242.5859502979788,12507.191997382586,0.88,0.51,4132937.9132592003
6188.4521584374015,1266.9503806960392,12752.431056154936,0.88,0.52,4213975.9115584
6307.460853791912,1291.314811093989,12997.67011492706,0.88,0.53,4295013.9098576
6426.469549146539,1315.6792414920494,13242.9091736993,0.88,0.54,4376051.9081568
6545.47824450105,1340.0436718899962,13488.148232471538,0.88,0.55,4457089.906456
6664.486939855618,1364.40810228817,13733.387291243664,0.88,0.56,4538127.9047552
6783.495635210187,1388.7725326861168,13978.626350015787,0.88,0.5700000000000001,4619165.9030544
6902.504330564756,1413.1369630841714,14223.86540878814,0.88,0.58,4700203.9013535995
7021.513025919325,1437.5013934820047,14469.104467560379,0.88,0.59,4781241.8996528
7140.5217212738935,1461.8658238800651,14714.343526332734,0.88,0.6,4862279.897952
7259.530416628346,1486.230254278012,14959.582585104858,0.88,0.61,4943317.8962512
7378.539111983089,1510.5946846760723,15204.82164387698,0.88,0.62,5024355.8945504
7497.5478073376,1534.9591150739057,15450.060702649222,0.88,0.63,5105393.8928496
7616.556502692227,1559.32354547219,15695.299761421344,0.88,0.64,5186431.8911488
7735.565198046737,1583.6879758700236,15940.538820193698,0.88,0.65,5267469.889448
7854.573893401364,1608.0524062680838,16185.77787896594,0.88,0.66,5348507.8877472
7973.582588755875,1632.4168366660308,16431.016937738063,0.88,0.67,5429545.8860464
8092.5912841103855,1656.781267064091,16676.255996510186,0.88,0.6799999999999999,5510583.884345599
8211.599979465012,1681.145697462038,16921.495055282314,0.88,0.69,5591621.8826448
8330.608674819465,1705.5101278600926,17166.734114054783,0.88,0.7,5672659.880944
8449.61737017415,1729.8745582581528,17411.973172826903,0.88,0.71,5753697.8792432
8568.62606552866,1754.2389886562132,17657.21223159914,0.88,0.72,5834735.8775424
8687.634760883346,1778.6034190540465,17902.451290371268,0.88,0.73,5915773.8758416
8806.643456237798,1802.967849452107,18147.69034914339,0.88,0.74,5996811.8741408
8925.652151592367,1827.3322798500537,18392.929407915744,0.88,0.75,6077849.87244
9044.660846946936,1851.6967102481142,18638.16846668798,0.88,0.76,6158887.8707392
9163.669542301504,1876.0611406459445,18883.40752546011,0.88,0.77,6239925.8690384
9282.678237656073,1900.425571044005,19128.64658423246,0.88,0.78,6320963.8673376
9401.686933010642,1924.7900014420652,19373.885643004473,0.88,0.79,6402001.8656368
9520.695628365153,1949.1544318401257,19619.1247017766,0.88,0.8,6483039.8639360005
9639.704323719721,1973.5188622380724,19864.363760548953,0.88,0.81,6564077.862235201
9758.71301907429,1997.883292636127,20109.60281932119,0.88,0.8200000000000001,6645115.860534401
9877.721714428859,2022.247723034074,20354.84187809354,0.88,0.8300000000000001,6726153.858833601
9996.730409783428,2046.6121534321342,20600.080936865663,0.88,0.8400000000000001,6807191.857132801
10115.73910513788,2070.9765838299677,20845.319995637794,0.88,0.8500000000000001,6888229.855432001
10234.747800492565,2095.341014228255,21090.55905441003,0.88,0.86,6969267.8537312
10353.756495847134,2119.705444626088,21335.798113182384,0.88,0.87,7050305.8520304
10472.765191201703,2144.0698750241545,21581.03717195451,0.88,0.88,7131343.8503296
10591.773886556155,2168.4343054220953,21826.27623072663,0.88,0.89,7212381.8486288
10710.78258191084,2192.798735820156,22071.515289498875,0.88,0.9,7293419.846928
5921.986978987115,1212.397456652421,12203.331096615957,0.89,0.5,4032528.6257550004
6040.426718566741,1236.6454057855008,12447.397718548367,0.89,0.51,4113179.1982701006
6158.866458146484,1260.8933549185808,12691.464340480661,0.89,0.52,4193829.7707852004
6277.306197726284,1285.1413040516636,12935.530962412955,0.89,0.53,4274480.343300301
6395.7459373060265,1309.3892531846302,13179.597584345252,0.89,0.54,4355130.915815401
6514.185676885885,1333.6372023175966,13423.66420627777,0.89,0.55,4435781.488330501
6632.625416465569,1357.88515145079,13667.730828209951,0.89,0.56,4516432.0608456
6751.065156045195,1382.1331005837537,13911.797450142243,0.89,0.5700000000000001,4597082.633360701
6869.504895624879,1406.38104971672,14155.86407207477,0.89,0.58,4677733.2058758
6987.944635204622,1430.6289988496894,14399.930694006947,0.89,0.59,4758383.7783909
7106.3843747845385,1454.8769479831071,14643.997315939361,0.89,0.6,4839034.3509060005
7224.824114364281,1479.1248971160735,14888.06393787176,0.89,0.61,4919684.923421101
7343.263853943965,1503.37284624904,15132.130559803827,0.89,0.62,5000335.4959362
7461.703593523649,1527.6207953820065,15376.197181736352,0.89,0.63,5080986.0684513
7580.143333103508,1551.868744515203,15620.263803668646,0.89,0.64,5161636.6409664005
7698.5830726833665,1576.1166936481693,15864.330425600829,0.89,0.65,5242287.213481501
7817.022812262934,1600.3646427811357,16108.397047533123,0.89,0.66,5322937.785996601
7935.4625518426765,1624.6125919142128,16352.463669465527,0.89,0.67,5403588.358511701
8053.902291422361,1648.8605410472928,16596.53029139782,0.89,0.6799999999999999,5484238.9310268
8172.342031002161,1673.1084901803756,16840.596913330115,0.89,0.69,5564889.5035419
8290.781770581962,1697.3564393133422,17084.66353526241,0.89,0.7,5645540.076057
8409.221510161646,1721.6043884465355,17328.73015719482,0.89,0.71,5726190.6485721
8527.66124974133,1745.852337579502,17572.79677912711,0.89,0.72,5806841.221087201
8646.10098932113,1770.1002867124714,17816.86340105941,0.89,0.73,5887491.793602301
8764.540728900814,1794.3482358454378,18060.930022991703,0.89,0.74,5968142.3661174
8882.980468480557,1818.5961849787448,18304.996644924107,0.89,0.75,6048792.9386325
9001.42020806024,1842.8441341118278,18549.063266856407,0.89,0.76,6129443.511147601
9119.8599476401,1867.0920832447885,18793.129888788695,0.89,0.77,6210094.083662701
9238.299687219842,1891.3400323777578,19037.196510721107,0.89,0.78,6290744.656177801
9356.739426799584,1915.5879815109513,19281.2631326534,0.89,0.79,6371395.228692901
9475.179166379326,1939.8359306439177,19525.32975458569,0.89,0.8,6452045.801208001
9593.618905959127,1964.083879776887,19769.396376517987,0.89,0.81,6532696.373723101
9712.058645538811,1988.3318289099611,20013.462998450395,0.89,0.8200000000000001,6613346.946238201
9830.498385118495,2012.5797780430441,20257.52962038269,0.89,0.8300000000000001,6693997.518753301
9948.938124698238,2036.8277271760105,20501.596242314987,0.89,0.8400000000000001,6774648.091268402
10067.37786427798,2061.0756763090903,20745.662864247282,0.89,0.8500000000000001,6855298.663783502
10185.817603857722,2085.3236254421704,20989.729486179687,0.89,0.86,6935949.2362986
10304.257343437464,2109.571574575367,21233.796108111976,0.89,0.87,7016599.8088137
10422.697083017265,2133.8195237083305,21477.862730044497,0.89,0.88,7097250.381328801
10541.136822597007,2158.0674728414106,21721.929351976567,0.89,0.89,7177900.953843901
10659.57656217675,2182.315421974377,21965.995973908975,0.89,0.9,7258551.526359001
5893.5391902458505,1206.573393404804,12144.709254621572,0.9,0.5,4013157.33655
6011.4099740508245,1230.7048612729066,12387.603439714034,0.9,0.51,4093420.483281
6129.280757855799,1254.8363291410033,12630.49762480661,0.9,0.52,4173683.6300120004
6247.151541660656,1278.967797009219,12873.391809898963,0.9,0.53,4253946.776743
6365.02232546563,1303.0992648772053,13116.285994991313,0.9,0.54,4334209.923474001
6482.893109270546,1327.2307327453077,13359.180180083777,0.9,0.55,4414473.070205
6600.763893075346,1351.3622006135179,13602.074365176353,0.9,0.56,4494736.216936001
6718.634676880261,1375.4936684813963,13844.968550268703,0.9,0.5700000000000001,4574999.363667001
6836.505460685352,1399.6251363497258,14087.862735361052,0.9,0.58,4655262.510398
6954.376244490093,1423.7566042175984,14330.756920453628,0.9,0.59,4735525.657129
7072.247028295009,1447.8880720857007,14573.651105546092,0.9,0.6,4815788.80386
7190.117812100041,1472.019539953911,14816.545290638442,0.9,0.61,4896051.950591
7307.988595904841,1496.1510078220106,15059.439475730791,0.9,0.62,4976315.097322
7425.859379709873,1520.2824756899995,15302.333660823368,0.9,0.63,5056578.244053001
7543.730163514789,1544.4139435582156,15545.227845915717,0.9,0.64,5136841.390784
7661.600947319705,1568.5454114261986,15788.122031008068,0.9,0.65,5217104.537515
7779.471731124562,1592.6768792944117,16031.01621610053,0.9,0.66,5297367.684246001
7897.3425149295945,1616.8083471625143,16273.910401193107,0.9,0.67,5377630.830977
8015.213298734452,1640.9398150303869,16516.804586285452,0.9,0.6799999999999999,5457893.977708
8133.084082539368,1665.0712828987164,16759.698771377807,0.9,0.69,5538157.124439
8250.954866344284,1689.2027507668158,17002.592956470384,0.9,0.7,5618420.27117
8368.825650149141,1713.3342186349184,17245.48714156273,0.9,0.71,5698683.417901
8486.696433954057,1737.4656865029074,17488.38132665519,0.9,0.72,5778946.564632
8604.567217758973,1761.5971543710068,17731.27551174777,0.9,0.73,5859209.711363
8722.438001563947,1785.7286222391035,17974.169696840123,0.9,0.74,5939472.858094
8840.308785368805,1809.8600901072061,18217.063881932587,0.9,0.75,6019736.004825
8958.17956917372,1833.9915579753056,18459.958067024934,0.9,0.76,6099999.151556
9076.050352978637,1858.1230258434082,18702.85225211751,0.9,0.77,6180262.2982870005
9193.921136783552,1882.2544937115106,18945.74643720975,0.9,0.78,6260525.445018
9311.791920588468,1906.3859615797207,19188.640622302217,0.9,0.79,6340788.591749
9429.662704393442,1930.517429447707,19431.534807394786,0.9,0.8,6421051.738480001
9547.533488198416,1954.6488973158123,19674.42899248725,0.9,0.81,6501314.885211
9665.404272003274,1978.7803651838012,19917.32317757949,0.9,0.8200000000000001,6581578.031942001
9783.275055808248,2002.911833051898,20160.217362671956,0.9,0.8300000000000001,6661841.178673001
9901.145839613164,2027.0433009202275,20403.1115477643,0.9,0.8400000000000001,6742104.3254040005
10019.016623417963,2051.174768788327,20646.005732856876,0.9,0.8500000000000001,6822367.472135001
10136.887407222937,2075.3062366562026,20888.899917949228,0.9,0.86,6902630.618866
10254.758191027853,2099.4377045244155,21131.794103041695,0.9,0.87,6982893.765597
10372.628974832827,2123.5691723923987,21374.688288134268,0.9,0.88,7063156.912328
10490.499758637743,2147.700640260615,21617.58247322662,0.9,0.89,7143420.059059001
10608.370542442659,2171.832108128717,21860.476658318967,0.9,0.9,7223683.20579
5865.091401504644,1200.7493301571901,12086.087412627183,0.91,0.5,3993786.0473450003
5982.393229534908,1224.7643167603092,12327.809160879819,0.91,0.51,4073661.7682919004
6099.695057564881,1248.7793033635419,12569.530909132334,0.91,0.52,4153537.4892388005
6216.9968855950865,1272.7942899665504,12811.252657384855,0.91,0.53,4233413.2101857
6334.2987136250595,1296.8092765698996,13052.974405637491,0.91,0.54,4313288.931132601
6451.600541655091,1320.8242631729083,13294.696153890009,0.91,0.55,4393164.6520795
6568.902369685355,1344.839249776138,13536.417902142524,0.91,0.56,4473040.373026401
6686.204197715386,1368.8542363791523,13778.139650394929,0.91,0.5700000000000001,4552916.0939733
6803.506025745475,1392.8692229822746,14019.861398647678,0.91,0.58,4632791.8149202
6920.807853775565,1416.8842095855043,14261.583146900197,0.91,0.59,4712667.535867101
7038.109681805712,1440.8991961886263,14503.304895152825,0.91,0.6,4792543.256814
7155.411509835743,1464.9141827917485,14745.026643405234,0.91,0.61,4872418.977760901
7272.713337865891,1488.9291693948646,14986.748391657866,0.91,0.62,4952294.6987078
7390.01516589598,1512.9441559978761,15228.47013991027,0.91,0.63,5032170.4196547
7507.31699392607,1536.9591426012253,15470.1918881629,0.91,0.64,5112046.1406016005
7624.618821956159,1560.974129204231,15711.913636415418,0.91,0.65,5191921.8615485
7741.9206499862485,1584.9891158074665,15953.635384667941,0.91,0.66,5271797.582495401
7859.222478016396,1609.0041024108186,16195.357132920566,0.91,0.67,5351673.3034423
7976.524306046427,1633.0190890138213,16437.078881173093,0.91,0.6799999999999999,5431549.0243892
8093.826134076517,1657.034075617057,16678.800629425612,0.91,0.69,5511424.7453361
8211.127962106664,1681.0490622200655,16920.52237767824,0.91,0.7,5591300.466283
8328.429790136812,1705.0640488231818,17162.244125930763,0.91,0.71,5671176.187229901
8445.731618166785,1729.0790354264232,17403.96587418328,0.91,0.72,5751051.9081768
8563.033446196932,1753.094022029653,17645.687622435915,0.91,0.73,5830927.629123701
8680.335274226964,1777.1090086326615,17887.409370688318,0.91,0.74,5910803.3500706
8797.637102257053,1801.1239952357837,18129.13111894095,0.91,0.75,5990679.0710175
8914.9389302872,1825.1389818390135,18370.852867193356,0.91,0.76,6070554.791964401
9032.24075831729,1849.1539684421414,18612.57461544599,0.91,0.77,6150430.5129113
9149.54258634738,1873.1689550452634,18854.296363698508,0.91,0.78,6230306.233858201
9266.84441437741,1897.1839416483797,19096.018111951023,0.91,0.79,6310181.9548051
9384.146242407674,1921.1989282516154,19337.739860203656,0.91,0.8,6390057.675752001
9501.448070437531,1945.2139148547374,19579.461608456175,0.91,0.81,6469933.3966989005
9618.749898467679,1969.228901457746,19821.183356708694,0.91,0.8200000000000001,6549809.117645801
9736.051726497826,1993.2438880609786,20062.90510496133,0.91,0.8300000000000001,6629684.838592701
9853.353554527916,2017.2588746639872,20304.626853213846,0.91,0.8400000000000001,6709560.559539601
9970.655382558063,2041.2738612673334,20546.348601466365,0.91,0.8500000000000001,6789436.280486501
10087.957210588094,2065.288847870345,20788.070349718997,0.91,0.86,6869312.0014334
10205.2590386183,2089.3038344735805,21029.792097971404,0.91,0.87,6949187.722380301
10322.560866648273,2113.3188210765834,21271.513846224032,0.91,0.88,7029063.443327201
10439.862694678479,2137.3338076799323,21513.23559447644,0.91,0.89,7108939.1642741
10557.164522708568,2161.348794282941,21754.957342729074,0.91,0.9,7188814.885221001
5836.643612763612,1194.9252669096838,12027.465570632801,0.92,0.5,3974414.75814
5953.376485018816,1218.8237722478314,12268.014882045487,0.92,0.51,4053903.0533028003
6070.109357274137,1242.7222775858565,12508.564193458064,0.92,0.52,4133391.3484656
6186.842229529342,1266.6207829242253,12749.113504870636,0.92,0.53,4212879.6436284
6303.5751017847215,1290.5192882624806,12989.662816283664,0.92,0.54,4292367.9387912005
6420.307974039868,1314.4177936006222,13230.21212769601,0.92,0.55,4371856.233954
6537.040846295131,1338.3162989386476,13470.761439108814,0.92,0.56,4451344.5291168
6653.773718550452,1362.214804277019,13711.310750521503,0.92,0.5700000000000001,4530832.824279601
6770.506590805657,1386.1133096150445,13951.860061934189,0.92,0.58,4610321.1194424
6887.23946306092,1410.011814953413,14192.409373346765,0.92,0.59,4689809.414605199
7003.972335316241,1433.9103202916683,14432.95868475945,0.92,0.6,4769297.709768
7120.705207571562,1457.808825629586,14673.50799617214,0.92,0.61,4848786.0049308
7237.438079826767,1481.707330967841,14914.057307584711,0.92,0.62,4928274.3000936
7354.170952082204,1505.6058363059828,15154.6066189974,0.92,0.63,5007762.5952564
7470.903824337409,1529.504341644238,15395.155930410087,0.92,0.64,5087250.8904192
7587.636696592672,1553.4028469826037,15635.705241822663,0.92,0.65,5166739.185582
7704.369568847818,1577.3013523205184,15876.254553235354,0.92,0.66,5246227.4807448005
7821.102441103198,1601.1998576587737,16116.803864648151,0.92,0.67,5325715.7759076
7937.835313358402,1625.0983629971424,16357.353176060615,0.92,0.6799999999999999,5405204.071070399
8054.568185613665,1648.9968683351676,16597.902487473526,0.92,0.69,5484692.3662332
8171.301057869045,1672.8953736735423,16838.451798886104,0.92,0.7,5564180.661396
8288.03393012425,1696.7938790115645,17079.001110298675,0.92,0.71,5643668.956558799
8404.766802379512,1720.6923843497063,17319.55042171148,0.92,0.72,5723157.2517216
8521.499674634717,1744.5908896879644,17560.099733124054,0.92,0.73,5802645.5468844
8638.232546890213,1768.489395026333,17800.649044536625,0.92,0.74,5882133.8420472
8754.965419145301,1792.3879003643553,18041.198355949426,0.92,0.75,5961622.13721
8871.698291400564,1816.2864057025029,18281.747667362,0.92,0.76,6041110.4323728
8988.431163655827,1840.1849110406417,18522.29697877458,0.92,0.77,6120598.7275356
9105.164035911148,1864.083416378897,18762.846290187263,0.92,0.78,6200087.022698401
9221.896908166469,1887.981921717152,19003.395601599954,0.92,0.79,6279575.3178612
9338.629780421732,1911.880427055294,19243.944913012525,0.92,0.8,6359063.613024
9455.362652676995,1935.7789323935463,19484.494224425216,0.92,0.81,6438551.908186801
9572.0955249322,1959.6774377316938,19725.04353583802,0.92,0.8200000000000001,6518040.203349601
9688.82839718752,1983.5759430698354,19965.59284725048,0.92,0.8300000000000001,6597528.4985124
9805.561269442842,2007.4744484080848,20206.142158663388,0.92,0.8400000000000001,6677016.793675201
9922.294141698047,2031.3729537464592,20446.691470075966,0.92,0.8500000000000001,6756505.088838001
10039.027013953251,2055.2714590844844,20687.24078148854,0.92,0.86,6835993.3840008
10155.759886208514,2079.1699644228534,20927.79009290134,0.92,0.87,6915481.6791636
10272.492758463894,2103.0684697608813,21168.339404313912,0.92,0.88,6994969.9743264
10389.225630719098,2126.9669750990233,21408.888715726487,0.92,0.89,7074458.2694892
10505.958502974303,2150.8654804372754,21649.43802713929,0.92,0.9,7153946.564652001
5808.195824022347,1189.1012036618429,11968.843728638638,0.93,0.5,3955043.4689350002
5924.359740502841,1212.8832277352312,12208.22060321127,0.93,0.51,4034144.3383137
6040.523656983278,1236.6652518083954,12447.597477784013,0.93,0.52,4113245.2076924006
6156.687573463656,1260.4472758817838,12686.974352356867,0.93,0.53,4192346.0770711005
6272.851489944151,1284.2292999550614,12926.351226929502,0.93,0.54,4271446.9464498
6389.015406424587,1308.0113240281064,13165.728101502245,0.93,0.55,4350547.8158285
6505.179322905024,1331.7933481014945,13405.104976074985,0.93,0.56,4429648.6852072
6621.343239385402,1355.575372174659,13644.481850647617,0.93,0.5700000000000001,4508749.554585901
6737.507155865955,1379.357396248047,13883.858725220587,0.93,0.58,4587850.4239646
6853.671072346391,1403.1394203210978,14123.235599793446,0.93,0.59,4666951.2933433
6969.834988826886,1426.9214443942592,14362.612474366184,0.93,0.6,4746052.162722
7085.998905307264,1450.7034684676446,14601.989348939045,0.93,0.61,4825153.0321007
7202.162821787642,1474.4854925409252,14841.366223511672,0.93,0.62,4904253.901479401
7318.326738268195,1498.26751661397,15080.743098084418,0.93,0.63,4983354.770858101
7434.490654748632,1522.0495406873583,15320.119972657161,0.93,0.64,5062455.640236801
7550.65457122901,1545.8315647605225,15559.496847229788,0.93,0.65,5141556.5096155
7666.818487709563,1569.6135888339109,15798.873721802644,0.93,0.66,5220657.3789942
7782.982404189941,1593.395612907075,16038.250596375618,0.93,0.67,5299758.2483729
7899.146320670436,1617.17763698012,16277.62747094836,0.93,0.6799999999999999,5378859.1177516
8015.310237150872,1640.9596610535084,16517.004345521105,0.93,0.69,5457959.9871303
8131.47415363125,1664.741685126786,16756.381220093735,0.93,0.7,5537060.856509
8247.638070111745,1688.5237091999472,16995.758094666588,0.93,0.71,5616161.7258877
8363.801986592181,1712.305733273225,17235.13496923933,0.93,0.72,5695262.5952664
8479.965903072618,1736.0877573463863,17474.51184381219,0.93,0.73,5774363.4646451
8596.12981955317,1759.8697814197717,17713.888718384816,0.93,0.74,5853464.334023801
8712.293736033549,1783.6518054930523,17953.265592957567,0.93,0.75,5932565.203402501
8828.457652513927,1807.4338295660973,18192.64246753042,0.93,0.76,6011666.0727812005
8944.62156899448,1831.2158536393722,18432.019342103278,0.93,0.77,6090766.9421599
9060.785485474858,1854.9978777126498,18671.396216676134,0.93,0.78,6169867.8115386
9176.949401955295,1878.7799017860352,18910.773091248764,0.93,0.79,6248968.6809173
9293.113318435731,1902.5619258592023,19150.149965821507,0.93,0.8,6328069.550296001
9409.277234916226,1926.3439499322471,19389.526840394363,0.93,0.81,6407170.419674701
9525.44115139672,1950.1259740056414,19628.90371496711,0.93,0.8200000000000001,6486271.289053401
9641.605067877157,1973.9079980789134,19868.280589539736,0.93,0.8300000000000001,6565372.158432101
9757.768984357535,1997.6900221523015,20107.657464112595,0.93,0.8400000000000001,6644473.027810801
9873.932900837972,2021.4720462253522,20347.034338685335,0.93,0.8500000000000001,6723573.897189501
9990.096817318466,2045.2540702985107,20586.41121325831,0.93,0.86,6802674.766568201
10106.260733798903,2069.036094371902,20825.788087831053,0.93,0.87,6881775.635946901
10222.42465027934,2092.818118445063,21065.16496240368,0.93,0.88,6960876.5053256005
10338.588566759834,2116.600142518338,21304.54183697654,0.93,0.89,7039977.3747043
10454.752483240212,2140.3821665914993,21543.918711549282,0.93,0.9,7119078.244083
5779.748035281198,1183.2771404143423,11910.221886644142,0.9400000000000001,0.5,3935672.17973
5895.342995986808,1206.9426832226368,12148.426324376935,0.9400000000000001,0.51,4014385.6233246
6010.9379566925345,1230.608226030934,12386.630762109738,0.9400000000000001,0.52,4093099.0669192
6126.532917398086,1254.273768839112,12624.835199842653,0.9400000000000001,0.53,4171812.5105138
6242.1278781037545,1277.9393116474153,12863.039637575452,0.9400000000000001,0.54,4250525.9541084
6357.7228388093645,1301.6048544557068,13101.244075308477,0.9400000000000001,0.55,4329239.397703
6473.317799515033,1325.270397264004,13339.448513041276,0.9400000000000001,0.56,4407952.8412976
6588.9127602205845,1348.9359400722985,13577.652950774302,0.9400000000000001,0.5700000000000001,4486666.2848922005
6704.507720926194,1372.6014828807095,13815.8573885071,0.9400000000000001,0.58,4565379.7284868
6820.102681631746,1396.2670256890037,14054.061826239895,0.9400000000000001,0.59,4644093.1720814
6935.697642337473,1419.9325684972982,14292.26626397292,0.9400000000000001,0.6,4722806.615676
7051.292603043141,1443.5981113055984,14530.470701705724,0.9400000000000001,0.61,4801520.0592706
7166.887563748693,1467.263654113893,14768.67513943875,0.9400000000000001,0.62,4880233.5028652
7282.482524454303,1490.9291969220737,15006.879577171436,0.9400000000000001,0.63,4958946.9464598
7398.077485160029,1514.5947397303682,15245.084014904347,0.9400000000000001,0.64,5037660.3900544
7513.672445865464,1538.2602825386684,15483.288452637149,0.9400000000000001,0.65,5116373.833649
7629.267406571307,1561.9258253469657,15721.492890370173,0.9400000000000001,0.66,5195087.2772436
7744.862367276743,1585.5913681552572,15959.69732810297,0.9400000000000001,0.67,5273800.7208382
7860.457327982411,1609.2569109635574,16197.901765835995,0.9400000000000001,0.6799999999999999,5352514.164432799
7976.052288688021,1632.922453771852,16436.106203568794,0.9400000000000001,0.69,5431227.6080273995
8091.647249393689,1656.5879965802599,16674.31064130171,0.9400000000000001,0.7,5509941.051622
8207.242210099299,1680.253539388557,16912.51507903462,0.9400000000000001,0.71,5588654.4952166
8322.837170804909,1703.9190821966274,17150.71951676753,0.9400000000000001,0.72,5667367.9388112
8438.43213151046,1727.5846250048112,17388.92395450033,0.9400000000000001,0.73,5746081.3824058
8554.027092216245,1751.2501678131027,17627.12839223313,0.9400000000000001,0.74,5824794.8260004
8669.622052921855,1774.9157106214,17865.33282996593,0.9400000000000001,0.75,5903508.269595
8785.217013627349,1798.5812534296945,18103.537267698954,0.9400000000000001,0.76,5982221.7131896
8900.811974333075,1822.2467962379917,18341.74170543198,0.9400000000000001,0.77,6060935.1567842
9016.406935038685,1845.912339046397,18579.946143164783,0.9400000000000001,0.78,6139648.6003788
9132.001895744295,1869.5778818547,18818.15058089758,0.9400000000000001,0.79,6218362.0439734
9247.596856449964,1893.2434246629944,19056.355018630606,0.9400000000000001,0.8,6297075.487568
9363.191817155574,1916.9089674712889,19294.559456363404,0.9400000000000001,0.81,6375788.9311626
9478.786777861125,1940.5745102794697,19532.763894096202,0.9400000000000001,0.8200000000000001,6454502.3747572005
9594.381738566852,1964.2400530877671,19770.96833182911,0.9400000000000001,0.8300000000000001,6533215.818351801
9709.976699272462,1987.9055958960644,20009.17276956191,0.9400000000000001,0.8400000000000001,6611929.261946401
9825.571659978072,2011.5711387043616,20247.377207294936,0.9400000000000001,0.8500000000000001,6690642.705541001
9941.166620683623,2035.2366815126531,20485.581645027847,0.9400000000000001,0.86,6769356.1491356
10056.761581389292,2058.9022243209533,20723.78608276065,0.9400000000000001,0.87,6848069.5927302
10172.356542095018,2082.567767129245,20961.990520493568,0.9400000000000001,0.88,6926783.0363248
10287.951502800628,2106.2333099376556,21200.19495822648,0.9400000000000001,0.89,7005496.4799194
10403.546463506122,2129.8988527459533,21438.39939595939,0.9400000000000001,0.9,7084209.923514
5751.30024654005,1177.4530771667226,11851.600044649642,0.9500000000000001,0.5,3916300.890525
5866.326251470891,1201.0021387100396,12088.632045542725,0.9500000000000001,0.51,3994626.9083355004
5981.352256401617,1224.5512002533594,12325.664046435575,0.9500000000000001,0.52,4072952.926146
6096.378261332458,1248.1002617967927,12562.696047328544,0.9500000000000001,0.53,4151278.9439565004
6211.404266263242,1271.6493233399904,12799.728048221627,0.9500000000000001,0.54,4229604.961767
6326.430271193967,1295.1983848834207,13036.76004911448,0.9500000000000001,0.55,4307930.9795775
6441.456276124809,1318.7474464267377,13273.792050007447,0.9500000000000001,0.56,4386256.997388001
6556.482281055651,1342.2965079700518,13510.824050900532,0.9500000000000001,0.5700000000000001,4464583.015198501
6671.508285986551,1365.8455695132552,13747.856051793502,0.9500000000000001,0.58,4542909.033009
6786.534290917218,1389.3946310566885,13984.888052686576,0.9500000000000001,0.59,4621235.0508195
6901.560295848001,1412.943692600119,14221.920053579546,0.9500000000000001,0.6,4699561.06863
7016.586300778843,1436.4927541433194,14458.952054472515,0.9500000000000001,0.61,4777887.0864405
7131.6123057096265,1460.04181568675,14695.984055365485,0.9500000000000001,0.62,4856213.104251
7246.63831064041,1483.5908772299533,14933.016056258673,0.9500000000000001,0.63,4934539.1220615
7361.664315571252,1507.139938773381,15170.048057151529,0.9500000000000001,0.64,5012865.139872001
7476.690320502152,1530.6890003165872,15407.080058044614,0.9500000000000001,0.65,5091191.157682501
7591.716325432935,1554.2380618602447,15644.11205893758,0.9500000000000001,0.66,5169517.175493
7706.742330363661,1577.787123403445,15881.144059830434,0.9500000000000001,0.67,5247843.1933035
7821.768335294444,1601.3361849468756,16118.17606072352,0.9500000000000001,0.6799999999999999,5326169.211114
7936.794340225286,1624.8852464901925,16355.208061616486,0.9500000000000001,0.69,5404495.2289245
8051.820345156011,1648.4343080335036,16592.240062509565,0.9500000000000001,0.7,5482821.246735
8166.846350086853,1671.9833695769341,16829.27206340242,0.9500000000000001,0.71,5561147.2645455
8281.872355017636,1695.5324311201432,17066.304064295615,0.9500000000000001,0.72,5639473.282356
8396.898359948478,1719.0814926635678,17303.336065188585,0.9500000000000001,0.73,5717799.3001665
8511.92436487932,1742.6305542067741,17540.36806608144,0.9500000000000001,0.74,5796125.317977
8626.950369810045,1766.1796157502047,17777.40006697452,0.9500000000000001,0.75,5874451.3357875
8741.976374740887,1789.728677293408,18014.43206786749,0.9500000000000001,0.76,5952777.3535980005
8857.00237967167,1813.2777388368327,18251.464068760575,0.9500000000000001,0.77,6031103.371408501
8972.028384602454,1836.8268003802632,18488.496069653535,0.9500000000000001,0.78,6109429.389219001
9087.054389533121,1860.3758619234725,18725.52807054639,0.9500000000000001,0.79,6187755.4070295
9202.08039446408,1883.92492346667,18962.56007143947,0.9500000000000001,0.8,6266081.42484
9317.106399394863,1907.4739850101005,19199.592072332438,0.9500000000000001,0.81,6344407.442650501
9432.132404325646,1931.023046553531,19436.624073225517,0.9500000000000001,0.8200000000000001,6422733.460461001
9547.158409256488,1954.5721080967344,19673.656074118375,0.9500000000000001,0.8300000000000001,6501059.478271501
9662.184414187213,1978.121169640162,19910.688075011454,0.9500000000000001,0.8400000000000001,6579385.496082001
9777.210419118113,2001.6702311833653,20147.720075904424,0.9500000000000001,0.8500000000000001,6657711.513892501
9892.236424048897,2025.2192927268015,20384.75207679728,0.9500000000000001,0.86,6736037.531703
10007.262428979622,2048.7683542701125,20621.784077690358,0.9500000000000001,0.87,6814363.5495135
10122.288433910464,2072.3174158134298,20858.81607858333,0.9500000000000001,0.88,6892689.567324
10237.314438841247,2095.8664773567466,21095.848079476407,0.9500000000000001,0.89,6971015.585134501
10352.34044377209,2119.415538900174,21332.880080369378,0.9500000000000001,0.9,7049341.602945001
5722.852457798901,1171.6290139192251,11792.978202655142,0.96,0.5,3896929.6013200004
5837.309506954858,1195.0615941975586,12028.837766708395,0.96,0.51,3974868.1933464003
5951.766556110932,1218.4941744758953,12264.697330761528,0.96,0.52,4052806.7853728007
6066.223605266714,1241.9267547542347,12500.556894814548,0.96,0.53,4130745.3773992006
6180.680654422729,1265.3593350326846,12736.416458867574,0.96,0.54,4208683.969425601
6295.137703578686,1288.7919153110213,12972.276022920712,0.96,0.55,4286622.561452
6409.59475273476,1312.2244955893607,13208.135586973847,0.96,0.56,4364561.153478401
6524.051801890717,1335.6570758679213,13443.995151026986,0.96,0.5700000000000001,4442499.745504801
6638.508851046674,1359.089656146258,13679.854715080124,0.96,0.58,4520438.3375312
6752.965900202631,1382.5222364245944,13915.714279133033,0.96,0.59,4598376.9295576
6867.422949358588,1405.9548167029338,14151.573843186285,0.96,0.6,4676315.521584
6981.879998514603,1429.387396981384,14387.433407239303,0.96,0.61,4754254.1136104
7096.337047670735,1452.8199772597175,14623.292971292556,0.96,0.62,4832192.7056368
7210.794096826576,1476.2525575380541,14859.152535345696,0.96,0.63,4910131.297663201
7325.251145982591,1499.6851378166177,15095.012099398718,0.96,0.64,4988069.889689601
7439.70819513849,1523.1177180949571,15330.87166345174,0.96,0.65,5066008.4817160005
7554.165244294563,1546.5502983732936,15566.731227504988,0.96,0.66,5143947.073742401
7668.62229345052,1569.9828786516302,15802.590791558014,0.96,0.67,5221885.665768801
7783.079342606361,1593.4154589299637,16038.45035561115,0.96,0.6799999999999999,5299824.2577952
7897.536391762376,1616.8480392083031,16274.309919664172,0.96,0.69,5377762.8498216
8011.993440918392,1640.2806194867533,16510.1694837172,0.96,0.7,5455701.4418480005
8126.450490074407,1663.7131997653169,16746.029047770444,0.96,0.71,5533640.0338744
8240.90753923048,1687.1457800436563,16981.888611823473,0.96,0.72,5611578.6259008
8355.36458838638,1710.578360321987,17217.74817587672,0.96,0.73,5689517.217927201
8469.821637542394,1734.0109406003264,17453.60773992986,0.96,0.74,5767455.8099536
8584.278686698293,1757.4435208786688,17689.467303982998,0.96,0.75,5845394.401980001
8698.73573585425,1780.8761011570052,17925.326868035907,0.96,0.76,5923332.994006401
8813.192785010207,1804.3086814355688,18161.18643208916,0.96,0.77,6001271.5860328
8927.64983416634,1827.7412617139084,18397.045996142177,0.96,0.78,6079210.178059201
9042.106883322238,1851.173841992239,18632.90556019532,0.96,0.79,6157148.770085601
9156.563932478079,1874.6064222705786,18868.765124248344,0.96,0.8,6235087.362112001
9271.020981634152,1898.039002548915,19104.624688301363,0.96,0.81,6313025.954138401
9385.478030790167,1921.4715828272515,19340.484252354614,0.96,0.8200000000000001,6390964.546164801
9499.935079946066,1944.9041631055911,19576.343816407636,0.96,0.8300000000000001,6468903.138191201
9614.392129102082,1968.3367433841518,19812.203380460887,0.96,0.8400000000000001,6546841.730217601
9728.849178258155,1991.7693236624882,20048.0629445138,0.96,0.8500000000000001,6624780.322244002
9843.306227414054,2015.2019039409383,20283.92250856716,0.96,0.86,6702718.9142704
9957.76327657007,2038.6344842192777,20519.782072620073,0.96,0.87,6780657.5062968
10072.220325726084,2062.0670644976144,20755.641636673325,0.96,0.88,6858596.098323201
10186.677374881925,2085.499644775951,20991.501200726347,0.96,0.89,6936534.690349601
10301.134424037999,2108.9322250545115,21227.360764779485,0.96,0.9,7014473.282376001
5694.404669057636,1165.8049506714976,11734.356360660759,0.97,0.5,3877558.312115
5808.292762438767,1189.1210496849671,11969.043487874174,0.97,0.51,3955109.4783573
5922.180855819897,1212.43714869821,12203.730615087252,0.97,0.52,4032660.6445996
6036.068949201144,1235.753247711793,12438.417742300333,0.97,0.53,4110211.8108419003
6149.9570425824495,1259.0693467252597,12673.104869513638,0.97,0.54,4187762.9770842004
6263.84513596358,1282.3854457387351,12907.791996727059,0.97,0.55,4265314.1433265
6377.733229344594,1305.7015447520914,13142.479123940138,0.97,0.56,4342865.309568801
6491.621322725725,1329.0176437655612,13377.166251153332,0.97,0.5700000000000001,4420416.475811101
6605.509416106914,1352.3337427790336,13611.853378366524,0.97,0.58,4497967.6420534
6719.3975094881025,1375.6498417922762,13846.54050557994,0.97,0.59,4575518.8082957
6833.285602869233,1398.9659408058624,14081.227632793138,0.97,0.6,4653069.974538
6947.173696250364,1422.2820398193348,14315.914760006213,0.97,0.61,4730621.1407803
7061.061789631611,1445.5981388325747,14550.601887219404,0.97,0.62,4808172.3070226
7174.949883012741,1468.9142378460472,14785.289014432827,0.97,0.63,4885723.4732649
7288.837976393872,1492.2303368596304,15019.976141645899,0.97,0.64,4963274.639507201
7402.7260697750025,1515.546435872876,15254.66326885898,0.97,0.65,5040825.8057495
7516.614163156191,1538.8625348863454,15489.350396072285,0.97,0.66,5118376.971991801
7630.502256537322,1562.1786338999316,15724.037523285479,0.97,0.67,5195928.1382341
7744.390349918453,1585.4947329132906,15958.724650498785,0.97,0.6799999999999999,5273479.3044764
7858.278443299525,1608.8108319266469,16193.411777711979,0.97,0.69,5351030.4707186995
7972.166536680714,1632.1269309400059,16428.098904925057,0.97,0.7,5428581.636961
8086.054630061903,1655.4430299535832,16662.786032138363,0.97,0.71,5506132.8032033
8199.942723443033,1678.7591289669451,16897.473159351666,0.97,0.72,5583683.9694456
8313.83081682428,1702.0752279802985,17132.160286564864,0.97,0.73,5661235.1356879
8427.718910205469,1725.391326993771,17366.847413777938,0.97,0.74,5738786.3019302
8541.6070035866,1748.7074260073541,17601.534540991244,0.97,0.75,5816337.4681725
8655.495096967672,1772.0235250205997,17836.22166820455,0.97,0.76,5893888.6344148
8769.383190348803,1795.3396240340692,18070.90879541763,0.97,0.77,5971439.8006571
8883.271283729991,1818.6557230476553,18305.595922630822,0.97,0.78,6048990.966899401
8997.15937711118,1841.9718220609009,18540.28304984413,0.97,0.79,6126542.1331417
9111.04747049231,1865.2879210743706,18774.970177057436,0.97,0.8,6204093.299384001
9224.935563873558,1888.6040200878374,19009.65730427063,0.97,0.81,6281644.4656263
9338.82365725463,1911.9201191011964,19244.344431483707,0.97,0.8200000000000001,6359195.631868601
9452.71175063576,1935.2362181146689,19479.031558697014,0.97,0.8300000000000001,6436746.7981109
9566.599844016891,1958.5523171281386,19713.71868591032,0.97,0.8400000000000001,6514297.964353201
9680.48793739808,1981.8684161417245,19948.405813123514,0.97,0.8500000000000001,6591849.130595501
9794.37603077921,2005.18451515497,20183.09294033659,0.97,0.86,6669400.2968378
9908.264124160341,2028.5006141684398,20417.7800675499,0.97,0.87,6746951.4630801
10022.152217541588,2051.816713181793,20652.46719476309,0.97,0.88,6824502.6293224
10136.04031092266,2075.1328121952715,20887.154321976283,0.97,0.89,6902053.7955647
10249.928404303791,2098.448911208732,21121.841449189473,0.97,0.9,6979604.961807
5665.956880316604,1159.980887423878,11675.73451866637,0.98,0.5,3858187.0229100003
5779.27601792285,1183.18050517237,11909.249209039845,0.98,0.51,3935350.7633682005
5892.595155529212,1206.3801229209757,12142.763899413201,0.98,0.52,4012514.5038264003
6005.914293135633,1229.579740669241,12376.278589786452,0.98,0.53,4089678.2442846005
6119.233430741937,1252.7793584178407,12609.793280159818,0.98,0.54,4166841.9847428007
6232.552568348241,1275.9789761662194,12843.30797053306,0.98,0.55,4244005.725201
6345.871705954545,1299.178593914825,13076.822660906533,0.98,0.56,4321169.465659201
6459.190843560849,1322.3782116632037,13310.337351279786,0.98,0.5700000000000001,4398333.206117401
6572.5099811671535,1345.5778294115823,13543.852041653146,0.98,0.58,4475496.9465756
6685.829118773458,1368.7774471603016,13777.366732026394,0.98,0.59,4552660.6870338
6799.14825637982,1391.9770649086802,14010.881422399754,0.98,0.6,4629824.427492
6912.467393986182,1415.1766826571723,14244.396112773118,0.98,0.61,4706988.1679502
7025.786531592545,1438.376300405551,14477.910803146478,0.98,0.62,4784151.908408401
7139.105669198791,1461.5759181539238,14711.425493519726,0.98,0.63,4861315.6488666
7252.424806805269,1484.775535902643,14944.94018389309,0.98,0.64,4938479.3893248
7365.743944411515,1507.9751536510216,15178.454874266337,0.98,0.65,5015643.129783001
7479.063082017819,1531.174771399514,15411.969564639814,0.98,0.66,5092806.870241201
7592.382219624182,1554.374389148,15645.484255012947,0.98,0.67,5169970.6106994
7705.701357230486,1577.574006896379,15878.998945386418,0.98,0.6799999999999999,5247134.3511576
7819.02049483679,1600.7736246449845,16112.51363575967,0.98,0.69,5324298.0916158
7932.339632443094,1623.973242393363,16346.02832613303,0.98,0.7,5401461.8320740005
8045.658770049573,1647.1728601419688,16579.543016506275,0.98,0.71,5478625.5725322
8158.977907655819,1670.3724778903418,16813.057706879525,0.98,0.72,5555789.3129904
8272.297045262123,1693.5720956387204,17046.572397253003,0.98,0.73,5632953.053448601
8385.616182868485,1716.7717133874396,17280.087087626358,0.98,0.74,5710116.7939068
8498.935320474848,1739.9713311358182,17513.60177799961,0.98,0.75,5787280.534365
8612.254458081035,1763.1709488843073,17747.116468372973,0.98,0.76,5864444.274823201
8725.573595687398,1786.370566632689,17980.63115874622,0.98,0.77,5941608.015281401
8838.89273329376,1809.5701843814081,18214.145849119694,0.98,0.78,6018771.7557396
8952.211870900064,1832.769802129787,18447.660539492834,0.98,0.79,6095935.496197801
9065.531008506485,1855.9694198781597,18681.1752298663,0.98,0.8,6173099.236656001
9178.85014611273,1879.1690376267654,18914.689920239554,0.98,0.81,6250262.977114201
9292.169283719151,1902.368655375144,19148.204610612916,0.98,0.8200000000000001,6327426.717572401
9405.488421325397,1925.5682731237498,19381.719300986275,0.98,0.8300000000000001,6404590.458030601
9518.80755893176,1948.7678908721284,19615.233991359637,0.98,0.8400000000000001,6481754.198488801
9632.126696538122,1971.9675086206175,19848.748681733112,0.98,0.8500000000000001,6558917.9389470015
9745.445834144368,1995.1671263691069,20082.26337210636,0.98,0.86,6636081.6794052
9858.76497175073,2018.3667441174855,20315.77806247972,0.98,0.87,6713245.4198634
9972.084109357034,2041.5663618662047,20549.29275285297,0.98,0.88,6790409.160321601
10085.403246963455,2064.7659796145804,20782.807443226215,0.98,0.89,6867572.9007798005
10198.7223845697,2087.965597362959,21016.322133599693,0.98,0.9,6944736.641238
5637.509091575339,1154.1568241763773,11617.112676672095,0.99,0.5,3838815.733705
5750.259273406933,1177.2399606597755,11849.454930205402,0.99,0.51,3915592.0483791
5863.0094552383525,1200.3230971435114,12081.797183738818,0.99,0.52,3992368.3630532003
5975.759637069888,1223.4062336267991,12314.139437272457,0.99,0.53,4069144.6777273
6088.5098189014825,1246.4893701104274,12546.481690805764,0.99,0.54,4145920.9924014
6201.260000732844,1269.5725065938198,12778.823944339292,0.99,0.55,4222697.3070755005
6314.010182564321,1292.655643077448,13011.166197872712,0.99,0.56,4299473.6217496
6426.760364395857,1315.7387795609598,13243.508451406127,0.99,0.5700000000000001,4376249.9364237
6539.510546227277,1338.8219160445792,13475.850704939543,0.99,0.58,4453026.251097799
6652.260728058929,1361.9050525279833,13708.192958472962,0.99,0.59,4529802.5657719
6765.010909890407,1384.988189011495,13940.535212006382,0.99,0.6,4606578.880446
6877.761091721884,1408.0713254948905,14172.877465539905,0.99,0.61,4683355.1951201
6990.51127355342,1431.1544619785157,14405.219719073211,0.99,0.62,4760131.5097942
7103.261455385014,1454.2375984620246,14637.561972606743,0.99,0.63,4836907.8244683
7216.011637216376,1477.3207349456557,14869.904226140046,0.99,0.64,4913684.139142401
7328.761819048028,1500.403871429281,15102.24647967369,0.99,0.65,4990460.4538165005
7441.512000879447,1523.4870079127897,15334.588733206994,0.99,0.66,5067236.7684906
7554.2621827110415,1546.5701443964151,15566.930986740526,0.99,0.67,5144013.0831647
7667.012364542403,1569.6532808796999,15799.273240273824,0.99,0.6799999999999999,5220789.397838799
7779.762546373939,1592.7364173633252,16031.615493807361,0.99,0.69,5297565.712512899
7892.512728205475,1615.8195538467264,16263.957747340892,0.99,0.7,5374342.027187
8005.262910036952,1638.9026903303516,16496.300000874304,0.99,0.71,5451118.3418611
8118.013091868488,1661.9858268138605,16728.642254407838,0.99,0.72,5527894.6565352
8230.763273700082,1685.0689632974857,16960.98450794114,0.99,0.73,5604670.9712093
8343.513455531502,1708.1520997807734,17193.32676147467,0.99,0.74,5681447.2858834
8456.263637363038,1731.2352362643958,17425.669015007974,0.99,0.75,5758223.6005575005
8569.01381919469,1754.3183727479075,17658.011268541508,0.99,0.76,5834999.9152316
8681.76400102611,1777.4015092315299,17890.35352207503,0.99,0.77,5911776.2299057
8794.514182857587,1800.484645714928,18122.695775608336,0.99,0.78,5988552.5445798
8907.264364689065,1823.5677821985564,18355.038029141873,0.99,0.79,6065328.8592539
9020.014546520542,1846.650918682068,18587.38028267517,0.99,0.8,6142105.173928
9132.76472835202,1869.7340551654665,18819.72253620859,0.99,0.81,6218881.488602101
9245.514910183614,1892.8171916490917,19052.06478974212,0.99,0.8200000000000001,6295657.803276201
9358.265092014975,1915.9003281326006,19284.40704327565,0.99,0.8300000000000001,6372434.117950301
9471.015273846628,1938.9834646162258,19516.749296808954,0.99,0.8400000000000001,6449210.432624401
9583.765455678164,1962.0666010996242,19749.091550342484,0.99,0.8500000000000001,6525986.7472985005
9696.515637509641,1985.1497375832523,19981.433803875898,0.99,0.86,6602763.0619725995
9809.265819341119,2008.232874066764,20213.776057409435,0.99,0.87,6679539.3766467
9922.016001172713,2031.3160105501595,20446.11831094296,0.99,0.88,6756315.6913208
10034.766183004132,2054.3991470336714,20678.46056447615,0.99,0.89,6833092.0059949
10147.516364835668,2077.4822835172963,20910.802818009797,0.99,0.9,6909868.320669
5609.061302834249,1148.3327609287605,11558.490834677597,1.0,0.5,3819444.4445
5721.2425288909,1171.2994161472948,11789.660651371185,1.0,0.51,3895833.3333900003
5833.423754947551,1194.266071365826,12020.830468064654,1.0,0.52,3972222.2222800003
5945.604981004202,1217.2327265843546,12252.000284758355,1.0,0.53,4048611.1111700004
6057.786207061028,1240.1993818028889,12483.170101451711,1.0,0.54,4125000.0000600005
6169.967433117621,1263.1660370215338,12714.339918145412,1.0,0.55,4201388.8889500005
6282.1486591743305,1286.132692240068,12945.509734838772,1.0,0.56,4277777.777840001
6394.3298852309235,1309.0993474588236,13176.679551532361,1.0,0.5700000000000001,4354166.666730001
6506.511111287749,1332.0660026771338,13407.84936822606,1.0,0.58,4430555.55562
6618.692337344284,1355.0326578958893,13639.01918491953,1.0,0.59,4506944.44451
6730.873563401052,1377.99931311431,13870.189001613118,1.0,0.6,4583333.3334
6843.054789457703,1400.9659683328384,14101.358818306588,1.0,0.61,4659722.22229
6955.236015514354,1423.9326235516028,14332.528635000288,1.0,0.62,4736111.11118
7067.417241571122,1446.8992787699071,14563.698451693874,1.0,0.63,4812500.00007
7179.598467627773,1469.8659339886683,14794.868268387349,1.0,0.64,4888888.88896
7291.7796936844825,1492.8325892071998,15026.038085080936,1.0,0.65,4965277.77785
7403.960919741192,1515.7992444258418,15257.207901774404,1.0,0.66,5041666.66674
7516.142145797843,1538.765899644376,15488.377718467993,1.0,0.67,5118055.55563
7628.323371854494,1561.7325548631345,15719.547535161688,1.0,0.6799999999999999,5194444.444519999
7740.50459791132,1584.6992100814416,15950.717351855163,1.0,0.69,5270833.3334099995
7852.685823967913,1607.665865300197,16181.887168548745,1.0,0.7,5347222.2223
7964.867050024623,1630.6325205187343,16413.056985242107,1.0,0.71,5423611.11119
8077.048276081216,1653.5991757371494,16644.226801935805,1.0,0.72,5500000.00008
8189.229502138041,1676.5658309559078,16875.396618629507,1.0,0.73,5576388.88897
8301.410728194634,1699.5324861744361,17106.566435322864,1.0,0.74,5652777.77786
8413.591954251227,1722.4991413929733,17337.736252016566,1.0,0.75,5729166.666750001
8525.773180307995,1745.465796611502,17568.90606870992,1.0,0.76,5805555.555640001
8637.954406364588,1768.432451830266,17800.07588540362,1.0,0.77,5881944.444530001
8750.135632421297,1791.3991070486811,18031.245702097094,1.0,0.78,5958333.333420001
8862.316858477949,1814.3657622672154,18262.415518790684,1.0,0.79,6034722.222310001
8974.498084534716,1837.3324174859708,18493.585335484382,1.0,0.8,6111111.111200001
9086.67931059131,1860.2990727042811,18724.75515217774,1.0,0.81,6187500.000090001
9198.860536648077,1883.2657279230366,18955.924968871437,1.0,0.8200000000000001,6263888.888980001
9311.04176270467,1906.2323831415679,19187.09478556491,1.0,0.8300000000000001,6340277.777870001
9423.222988761496,1929.1990383602156,19418.2646022585,1.0,0.8400000000000001,6416666.666760001
9535.404214818147,1952.165693578747,19649.43441895197,1.0,0.8500000000000001,6493055.555650001
9647.585440874798,1975.1323487972784,19880.60423564533,1.0,0.86,6569444.4445400005
9759.76666693145,1998.09900401581,20111.77405233903,1.0,0.87,6645833.333430001
9871.947892988159,2021.0656592343441,20342.943869032726,1.0,0.88,6722222.222320001
9984.129119044926,2044.0323144531026,20574.11368572609,1.0,0.89,6798611.111210001
10096.310345101461,2066.9989696715234,20805.283502419785,1.0,0.9,6875000.000100001
